<?xml version="1.0" ?>
<library  version="2.0" name="sap.ui.ux3">
  <module name="sap/ui/ux3/ActionBar.js" size="52833" compressedSize="21631">
    <description>Provides control sap.ui.ux3.ActionBar.</description>
    <requires>
      <module name="jquery.sap.global.js"/>
      <module name="sap/ui/core/Control.js"/>
      <module name="sap/ui/core/delegate/ItemNavigation.js"/>
      <module name="sap/ui/ux3/library.js"/>
    </requires>
  </module>
  <module name="sap/ui/ux3/ActionBarRenderer.js" size="7645" compressedSize="2948">
    <description>! UI development toolkit for HTML5 (OpenUI5) (c) Copyright 2009-2016 SAP SE or an SAP affiliate company. Licensed under the Apache License, Version 2.0 - see LICENSE.txt.</description>
    <requires>
      <module name="jquery.sap.global.js"/>
    </requires>
  </module>
  <module name="sap/ui/ux3/Collection.js" size="5592" compressedSize="2530">
    <description>Provides control sap.ui.ux3.Collection.</description>
    <requires>
      <module name="jquery.sap.global.js"/>
      <module name="sap/ui/core/Element.js"/>
      <module name="sap/ui/model/SelectionModel.js"/>
      <module name="sap/ui/ux3/library.js"/>
    </requires>
  </module>
  <module name="sap/ui/ux3/CollectionInspector.js" size="19022" compressedSize="8870">
    <description>Provides control sap.ui.ux3.CollectionInspector.</description>
    <requires>
      <module name="jquery.sap.global.js"/>
      <module name="sap/ui/core/Control.js"/>
      <module name="sap/ui/core/delegate/ItemNavigation.js"/>
      <module name="sap/ui/ux3/library.js"/>
    </requires>
  </module>
  <module name="sap/ui/ux3/CollectionInspectorRenderer.js" size="5773" compressedSize="2610">
    <description>Provides default renderer for the sap.ui.ux3.Collection</description>
    <requires>
      <module name="jquery.sap.global.js"/>
    </requires>
  </module>
  <module name="sap/ui/ux3/DataSet.js" size="20935" compressedSize="11385">
    <description>Provides control sap.ui.ux3.DataSet.</description>
    <requires>
      <module name="jquery.sap.global.js"/>
      <module name="sap/ui/core/Control.js"/>
      <module name="sap/ui/core/ResizeHandler.js"/>
      <module name="sap/ui/ux3/library.js"/>
      <module name="sap/ui/model/SelectionModel.js" conditional="true"/>
    </requires>
  </module>
  <module name="sap/ui/ux3/DataSetItem.js" size="2424" compressedSize="987">
    <description>Provides control sap.ui.ux3.DataSetItem.</description>
    <requires>
      <module name="jquery.sap.global.js"/>
      <module name="sap/ui/core/Element.js"/>
      <module name="sap/ui/ux3/library.js"/>
    </requires>
  </module>
  <module name="sap/ui/ux3/DataSetRenderer.js" size="3057" compressedSize="1282">
    <description>Provides default renderer for the sap.ui.ux3.DataSet</description>
    <requires>
      <module name="jquery.sap.global.js"/>
    </requires>
  </module>
  <module name="sap/ui/ux3/DataSetSimpleView.js" size="15029" compressedSize="7016">
    <description>Provides control sap.ui.ux3.DataSetSimpleView.</description>
    <requires>
      <module name="jquery.sap.global.js"/>
      <module name="sap/ui/core/Control.js"/>
      <module name="sap/ui/core/ResizeHandler.js"/>
      <module name="sap/ui/ux3/library.js"/>
      <module name="jquery.sap.script.js"/>
    </requires>
  </module>
  <module name="sap/ui/ux3/DataSetSimpleViewRenderer.js" size="2233" compressedSize="1161">
    <description>Provides default renderer for the sap.ui.ux3.DataSetSimpleView</description>
    <requires>
      <module name="jquery.sap.global.js"/>
    </requires>
  </module>
  <module name="sap/ui/ux3/Exact.js" size="7126" compressedSize="3558">
    <description>Provides control sap.ui.ux3.Exact.</description>
    <requires>
      <module name="jquery.sap.global.js"/>
      <module name="sap/ui/commons/Button.js"/>
      <module name="sap/ui/commons/Menu.js"/>
      <module name="sap/ui/commons/SearchField.js"/>
      <module name="sap/ui/commons/TextView.js"/>
      <module name="sap/ui/core/Control.js"/>
      <module name="sap/ui/ux3/ExactArea.js"/>
      <module name="sap/ui/ux3/ExactAttribute.js"/>
      <module name="sap/ui/ux3/ExactBrowser.js"/>
      <module name="sap/ui/ux3/library.js"/>
    </requires>
  </module>
  <module name="sap/ui/ux3/ExactArea.js" size="2511" compressedSize="909">
    <description>Provides control sap.ui.ux3.ExactArea.</description>
    <requires>
      <module name="jquery.sap.global.js"/>
      <module name="sap/ui/commons/Toolbar.js"/>
      <module name="sap/ui/core/Control.js"/>
      <module name="sap/ui/ux3/library.js"/>
    </requires>
  </module>
  <module name="sap/ui/ux3/ExactAreaRenderer.js" size="2113" compressedSize="1164">
    <description>Provides default renderer for the sap.ui.ux3.ExactArea</description>
    <requires>
      <module name="jquery.sap.global.js"/>
    </requires>
  </module>
  <module name="sap/ui/ux3/ExactAttribute.js" size="12044" compressedSize="5593">
    <description>Provides control sap.ui.ux3.ExactAttribute.</description>
    <requires>
      <module name="jquery.sap.global.js"/>
      <module name="sap/ui/core/Element.js"/>
      <module name="sap/ui/ux3/library.js"/>
    </requires>
  </module>
  <module name="sap/ui/ux3/ExactBrowser.js" size="11793" compressedSize="4952">
    <description>Provides control sap.ui.ux3.ExactBrowser.</description>
    <requires>
      <module name="jquery.sap.global.js"/>
      <module name="sap/ui/commons/Button.js"/>
      <module name="sap/ui/commons/Menu.js"/>
      <module name="sap/ui/core/Control.js"/>
      <module name="sap/ui/ux3/ExactAttribute.js"/>
      <module name="sap/ui/ux3/ExactList.js"/>
      <module name="sap/ui/ux3/library.js"/>
    </requires>
  </module>
  <module name="sap/ui/ux3/ExactBrowserRenderer.js" size="1961" compressedSize="1084">
    <description>Provides default renderer for the sap.ui.ux3.ExactBrowser</description>
    <requires>
      <module name="jquery.sap.global.js"/>
    </requires>
  </module>
  <module name="sap/ui/ux3/ExactList.js" size="46066" compressedSize="20781">
    <description>Provides control sap.ui.ux3.ExactList.</description>
    <requires>
      <module name="jquery.sap.global.js"/>
      <module name="sap/ui/commons/ListBox.js"/>
      <module name="sap/ui/core/Control.js"/>
      <module name="sap/ui/core/Popup.js"/>
      <module name="sap/ui/core/theming/Parameters.js"/>
      <module name="sap/ui/ux3/library.js"/>
      <module name="jquery.sap.dom.js"/>
    </requires>
  </module>
  <module name="sap/ui/ux3/ExactListRenderer.js" size="6511" compressedSize="3823">
    <description>Provides default renderer for the sap.ui.ux3.ExactListRenderer</description>
    <requires>
      <module name="jquery.sap.global.js"/>
    </requires>
  </module>
  <module name="sap/ui/ux3/ExactRenderer.js" size="1348" compressedSize="638">
    <description>Provides default renderer for the sap.ui.ux3.Exact</description>
    <requires>
      <module name="jquery.sap.global.js"/>
    </requires>
  </module>
  <module name="sap/ui/ux3/FacetFilter.js" size="1846" compressedSize="689">
    <description>Provides control sap.ui.ux3.FacetFilter.</description>
    <requires>
      <module name="jquery.sap.global.js"/>
      <module name="sap/ui/core/Control.js"/>
      <module name="sap/ui/ux3/library.js"/>
    </requires>
  </module>
  <module name="sap/ui/ux3/FacetFilterList.js" size="9193" compressedSize="4813">
    <description>Provides control sap.ui.ux3.FacetFilterList.</description>
    <requires>
      <module name="jquery.sap.global.js"/>
      <module name="sap/ui/commons/ListBox.js"/>
      <module name="sap/ui/core/Control.js"/>
      <module name="sap/ui/ux3/library.js"/>
    </requires>
  </module>
  <module name="sap/ui/ux3/FacetFilterListRenderer.js" size="1681" compressedSize="831">
    <description>Provides default renderer for the sap.ui.ux3.FacetFilterListRenderer</description>
    <requires>
      <module name="jquery.sap.global.js"/>
    </requires>
  </module>
  <module name="sap/ui/ux3/FacetFilterRenderer.js" size="1469" compressedSize="674">
    <description>Provides default renderer for the sap.ui.ux3.FacetFilter</description>
    <requires>
      <module name="jquery.sap.global.js"/>
    </requires>
  </module>
  <module name="sap/ui/ux3/Feed.js" size="11775" compressedSize="6017">
    <description>Provides control sap.ui.ux3.Feed.</description>
    <requires>
      <module name="jquery.sap.global.js"/>
      <module name="sap/ui/commons/DropdownBox.js"/>
      <module name="sap/ui/commons/MenuButton.js"/>
      <module name="sap/ui/commons/SearchField.js"/>
      <module name="sap/ui/commons/ToggleButton.js"/>
      <module name="sap/ui/core/Control.js"/>
      <module name="sap/ui/ux3/Feeder.js"/>
      <module name="sap/ui/ux3/library.js"/>
    </requires>
  </module>
  <module name="sap/ui/ux3/FeedChunk.js" size="19489" compressedSize="9175">
    <description>Provides control sap.ui.ux3.FeedChunk.</description>
    <requires>
      <module name="jquery.sap.global.js"/>
      <module name="sap/ui/commons/MenuButton.js"/>
      <module name="sap/ui/core/Control.js"/>
      <module name="sap/ui/core/theming/Parameters.js"/>
      <module name="sap/ui/ux3/Feeder.js"/>
      <module name="sap/ui/ux3/library.js"/>
    </requires>
  </module>
  <module name="sap/ui/ux3/FeedChunkRenderer.js" size="7802" compressedSize="4743">
    <description>Provides default renderer for the sap.ui.ux3.FeedChunk</description>
    <requires>
      <module name="jquery.sap.global.js"/>
    </requires>
  </module>
  <module name="sap/ui/ux3/FeedRenderer.js" size="1941" compressedSize="926">
    <description>! UI development toolkit for HTML5 (OpenUI5) (c) Copyright 2009-2016 SAP SE or an SAP affiliate company. Licensed under the Apache License, Version 2.0 - see LICENSE.txt.</description>
    <requires>
      <module name="jquery.sap.global.js"/>
    </requires>
  </module>
  <module name="sap/ui/ux3/Feeder.js" size="8824" compressedSize="3573">
    <description>Provides control sap.ui.ux3.Feeder.</description>
    <requires>
      <module name="jquery.sap.global.js"/>
      <module name="sap/ui/commons/Button.js"/>
      <module name="sap/ui/core/Control.js"/>
      <module name="sap/ui/core/theming/Parameters.js"/>
      <module name="sap/ui/ux3/library.js"/>
    </requires>
  </module>
  <module name="sap/ui/ux3/FeederRenderer.js" size="2416" compressedSize="1267">
    <description>Provides default renderer for the sap.ui.ux3.Feeder</description>
    <requires>
      <module name="jquery.sap.global.js"/>
    </requires>
  </module>
  <module name="sap/ui/ux3/NavigationBar.js" size="28577" compressedSize="11885">
    <description>Provides control sap.ui.ux3.NavigationBar.</description>
    <requires>
      <module name="jquery.sap.global.js"/>
      <module name="sap/ui/core/Control.js"/>
      <module name="sap/ui/core/delegate/ItemNavigation.js"/>
      <module name="sap/ui/ux3/library.js"/>
      <module name="jquery.sap.dom.js"/>
      <module name="sap/ui/commons/Menu.js" conditional="true"/>
    </requires>
  </module>
  <module name="sap/ui/ux3/NavigationBarRenderer.js" size="4535" compressedSize="2268">
    <description>Provides default renderer for the sap.ui.ux3.NavigationBar</description>
    <requires>
      <module name="jquery.sap.global.js"/>
    </requires>
  </module>
  <module name="sap/ui/ux3/NavigationItem.js" size="2555" compressedSize="644">
    <description>Provides control sap.ui.ux3.NavigationItem.</description>
    <requires>
      <module name="jquery.sap.global.js"/>
      <module name="sap/ui/core/Item.js"/>
      <module name="sap/ui/ux3/library.js"/>
    </requires>
  </module>
  <module name="sap/ui/ux3/NotificationBar.js" size="38063" compressedSize="15894">
    <description>Provides control sap.ui.ux3.NotificationBar.</description>
    <requires>
      <module name="jquery.sap.global.js"/>
      <module name="sap/ui/core/Control.js"/>
      <module name="sap/ui/core/delegate/ItemNavigation.js"/>
      <module name="sap/ui/core/theming/Parameters.js"/>
      <module name="sap/ui/ux3/library.js"/>
    </requires>
  </module>
  <module name="sap/ui/ux3/NotificationBarRenderer.js" size="13881" compressedSize="6522">
    <description>! UI development toolkit for HTML5 (OpenUI5) (c) Copyright 2009-2016 SAP SE or an SAP affiliate company. Licensed under the Apache License, Version 2.0 - see LICENSE.txt.</description>
    <requires>
      <module name="jquery.sap.global.js"/>
      <module name="sap/ui/core/Icon.js"/>
    </requires>
  </module>
  <module name="sap/ui/ux3/Notifier.js" size="8500" compressedSize="3556">
    <description>Provides control sap.ui.ux3.Notifier.</description>
    <requires>
      <module name="jquery.sap.global.js"/>
      <module name="sap/ui/commons/Callout.js"/>
      <module name="sap/ui/core/Element.js"/>
      <module name="sap/ui/ux3/library.js"/>
    </requires>
  </module>
  <module name="sap/ui/ux3/Overlay.js" size="10489" compressedSize="4580">
    <description>Provides control sap.ui.ux3.Overlay.</description>
    <requires>
      <module name="jquery.sap.global.js"/>
      <module name="sap/ui/core/Control.js"/>
      <module name="sap/ui/core/Popup.js"/>
      <module name="sap/ui/ux3/library.js"/>
    </requires>
  </module>
  <module name="sap/ui/ux3/OverlayContainer.js" size="2104" compressedSize="973">
    <description>Provides control sap.ui.ux3.OverlayContainer.</description>
    <requires>
      <module name="jquery.sap.global.js"/>
      <module name="sap/ui/ux3/Overlay.js"/>
      <module name="sap/ui/ux3/library.js"/>
    </requires>
  </module>
  <module name="sap/ui/ux3/OverlayContainerRenderer.js" size="2263" compressedSize="692">
    <description>Provides default renderer for the sap.ui.ux3.OverlayContainer</description>
    <requires>
      <module name="jquery.sap.global.js"/>
      <module name="sap/ui/core/Renderer.js"/>
      <module name="sap/ui/ux3/OverlayRenderer.js"/>
    </requires>
  </module>
  <module name="sap/ui/ux3/OverlayDialog.js" size="6638" compressedSize="3418">
    <description>Provides control sap.ui.ux3.OverlayDialog.</description>
    <requires>
      <module name="jquery.sap.global.js"/>
      <module name="sap/ui/core/IntervalTrigger.js"/>
      <module name="sap/ui/ux3/Overlay.js"/>
      <module name="sap/ui/ux3/library.js"/>
    </requires>
  </module>
  <module name="sap/ui/ux3/OverlayDialogRenderer.js" size="2242" compressedSize="692">
    <description>Provides default renderer for the sap.ui.ux3.OverlayDialog</description>
    <requires>
      <module name="jquery.sap.global.js"/>
      <module name="sap/ui/core/Renderer.js"/>
      <module name="sap/ui/ux3/OverlayRenderer.js"/>
    </requires>
  </module>
  <module name="sap/ui/ux3/OverlayRenderer.js" size="2446" compressedSize="1495">
    <description>Provides default renderer for the sap.ui.ux3.Overlay</description>
    <requires>
      <module name="jquery.sap.global.js"/>
    </requires>
  </module>
  <module name="sap/ui/ux3/QuickView.js" size="14025" compressedSize="6374">
    <description>Provides control sap.ui.ux3.QuickView.</description>
    <requires>
      <module name="jquery.sap.global.js"/>
      <module name="sap/ui/commons/CalloutBase.js"/>
      <module name="sap/ui/core/delegate/ItemNavigation.js"/>
      <module name="sap/ui/ux3/ActionBar.js"/>
      <module name="sap/ui/ux3/library.js"/>
    </requires>
  </module>
  <module name="sap/ui/ux3/QuickViewRenderer.js" size="4972" compressedSize="2403">
    <description>! UI development toolkit for HTML5 (OpenUI5) (c) Copyright 2009-2016 SAP SE or an SAP affiliate company. Licensed under the Apache License, Version 2.0 - see LICENSE.txt.</description>
    <requires>
      <module name="jquery.sap.global.js"/>
      <module name="sap/ui/commons/CalloutBaseRenderer.js"/>
      <module name="sap/ui/core/Renderer.js"/>
      <module name="sap/ui/core/IconPool.js"/>
    </requires>
  </module>
  <module name="sap/ui/ux3/Shell.js" size="94545" compressedSize="44891">
    <description>Provides control sap.ui.ux3.Shell.</description>
    <requires>
      <module name="jquery.sap.global.js"/>
      <module name="sap/ui/commons/Menu.js"/>
      <module name="sap/ui/core/Control.js"/>
      <module name="sap/ui/core/theming/Parameters.js"/>
      <module name="sap/ui/ux3/library.js"/>
      <module name="jquery.sap.script.js" conditional="true"/>
      <module name="sap/ui/ux3/ShellPersonalization.js" conditional="true"/>
    </requires>
  </module>
  <module name="sap/ui/ux3/ShellColorPicker.js" size="10606" compressedSize="6041">
    <description>Provides the class sap.ui.ux3.ShellColorPicker</description>
    <requires>
      <module name="jquery.sap.global.js"/>
      <module name="sap/ui/base/EventProvider.js"/>
      <module name="sap/ui/commons/Button.js"/>
      <module name="sap/ui/core/Popup.js"/>
    </requires>
  </module>
  <module name="sap/ui/ux3/ShellPersonalization.js" size="25480" compressedSize="16392">
    <description>Provides the class sap.ui.ux3.ShellPersonalization</description>
    <requires>
      <module name="jquery.sap.global.js"/>
      <module name="sap/ui/base/EventProvider.js"/>
      <module name="sap/ui/commons/Button.js"/>
      <module name="sap/ui/commons/Dialog.js"/>
      <module name="sap/ui/core/theming/Parameters.js" conditional="true"/>
      <module name="sap/ui/ux3/ShellColorPicker.js" conditional="true"/>
    </requires>
  </module>
  <module name="sap/ui/ux3/ShellRenderer.js" size="15305" compressedSize="9443">
    <description>Provides default renderer for the sap.ui.ux3.Shell</description>
    <requires>
      <module name="jquery.sap.global.js"/>
      <module name="sap/ui/core/IconPool.js"/>
    </requires>
  </module>
  <module name="sap/ui/ux3/ThingAction.js" size="1893" compressedSize="752">
    <description>Provides control sap.ui.ux3.ThingAction.</description>
    <requires>
      <module name="jquery.sap.global.js"/>
      <module name="sap/ui/core/Element.js"/>
      <module name="sap/ui/ux3/library.js"/>
    </requires>
  </module>
  <module name="sap/ui/ux3/ThingGroup.js" size="1680" compressedSize="691">
    <description>Provides control sap.ui.ux3.ThingGroup.</description>
    <requires>
      <module name="jquery.sap.global.js"/>
      <module name="sap/ui/core/Element.js"/>
      <module name="sap/ui/ux3/library.js"/>
    </requires>
  </module>
  <module name="sap/ui/ux3/ThingInspector.js" size="20767" compressedSize="10816">
    <description>Provides control sap.ui.ux3.ThingInspector.</description>
    <requires>
      <module name="jquery.sap.global.js"/>
      <module name="sap/ui/ux3/ActionBar.js"/>
      <module name="sap/ui/ux3/Overlay.js"/>
      <module name="sap/ui/ux3/ThingViewer.js"/>
      <module name="sap/ui/ux3/library.js"/>
    </requires>
  </module>
  <module name="sap/ui/ux3/ThingInspectorRenderer.js" size="2194" compressedSize="645">
    <description>Provides default renderer for the sap.ui.ux3.ThingInspector</description>
    <requires>
      <module name="jquery.sap.global.js"/>
      <module name="sap/ui/core/Renderer.js"/>
      <module name="sap/ui/ux3/OverlayRenderer.js"/>
    </requires>
  </module>
  <module name="sap/ui/ux3/ThingViewer.js" size="15575" compressedSize="8064">
    <description>Provides control sap.ui.ux3.ThingViewer.</description>
    <requires>
      <module name="jquery.sap.global.js"/>
      <module name="sap/ui/core/Control.js"/>
      <module name="sap/ui/ux3/library.js"/>
    </requires>
  </module>
  <module name="sap/ui/ux3/ThingViewerRenderer.js" size="9441" compressedSize="4836">
    <description>! UI development toolkit for HTML5 (OpenUI5) (c) Copyright 2009-2016 SAP SE or an SAP affiliate company. Licensed under the Apache License, Version 2.0 - see LICENSE.txt.</description>
    <requires>
      <module name="jquery.sap.global.js"/>
    </requires>
  </module>
  <module name="sap/ui/ux3/ToolPopup.js" size="63843" compressedSize="15876">
    <description>Provides control sap.ui.ux3.ToolPopup.</description>
    <requires>
      <module name="jquery.sap.global.js"/>
      <module name="sap/ui/core/Control.js"/>
      <module name="sap/ui/core/IconPool.js"/>
      <module name="sap/ui/core/Popup.js"/>
      <module name="sap/ui/core/theming/Parameters.js"/>
      <module name="sap/ui/core/RenderManager.js"/>
      <module name="sap/ui/ux3/library.js"/>
    </requires>
  </module>
  <module name="sap/ui/ux3/ToolPopupRenderer.js" size="4169" compressedSize="2414">
    <description>Provides default renderer for the sap.ui.ux3.ToolPopup</description>
    <requires>
      <module name="jquery.sap.global.js"/>
    </requires>
  </module>
  <module name="sap/ui/ux3/library.js" size="8194" compressedSize="2267">
    <description>Initialization Code and shared classes of library sap.ui.ux3.</description>
    <requires>
      <module name="jquery.sap.global.js"/>
      <module name="sap/ui/core/library.js"/>
      <module name="sap/ui/commons/library.js"/>
    </requires>
  </module>
  <module name="sap/ui/ux3/manifest.json" size="848">
  </module>
  <module name="sap/ui/ux3/messagebundle.properties" size="10578">
  </module>
  <module name="sap/ui/ux3/messagebundle_ar.properties" size="16255">
  </module>
  <module name="sap/ui/ux3/messagebundle_bg.properties" size="19245">
  </module>
  <module name="sap/ui/ux3/messagebundle_ca.properties" size="11041">
  </module>
  <module name="sap/ui/ux3/messagebundle_cs.properties" size="12087">
  </module>
  <module name="sap/ui/ux3/messagebundle_da.properties" size="11035">
  </module>
  <module name="sap/ui/ux3/messagebundle_de.properties" size="11042">
  </module>
  <module name="sap/ui/ux3/messagebundle_el.properties" size="18532">
  </module>
  <module name="sap/ui/ux3/messagebundle_en.properties" size="10459">
  </module>
  <module name="sap/ui/ux3/messagebundle_en_US_sappsd.properties" size="19499">
  </module>
  <module name="sap/ui/ux3/messagebundle_en_US_saptrc.properties" size="12368">
  </module>
  <module name="sap/ui/ux3/messagebundle_es.properties" size="11038">
  </module>
  <module name="sap/ui/ux3/messagebundle_et.properties" size="10981">
  </module>
  <module name="sap/ui/ux3/messagebundle_fi.properties" size="11381">
  </module>
  <module name="sap/ui/ux3/messagebundle_fr.properties" size="11333">
  </module>
  <module name="sap/ui/ux3/messagebundle_hi.properties" size="16734">
  </module>
  <module name="sap/ui/ux3/messagebundle_hr.properties" size="11036">
  </module>
  <module name="sap/ui/ux3/messagebundle_hu.properties" size="12197">
  </module>
  <module name="sap/ui/ux3/messagebundle_it.properties" size="11018">
  </module>
  <module name="sap/ui/ux3/messagebundle_iw.properties" size="14908">
  </module>
  <module name="sap/ui/ux3/messagebundle_ja.properties" size="13216">
  </module>
  <module name="sap/ui/ux3/messagebundle_kk.properties" size="18462">
  </module>
  <module name="sap/ui/ux3/messagebundle_ko.properties" size="12670">
  </module>
  <module name="sap/ui/ux3/messagebundle_lt.properties" size="11565">
  </module>
  <module name="sap/ui/ux3/messagebundle_lv.properties" size="11613">
  </module>
  <module name="sap/ui/ux3/messagebundle_ms.properties" size="10642">
  </module>
  <module name="sap/ui/ux3/messagebundle_nl.properties" size="10793">
  </module>
  <module name="sap/ui/ux3/messagebundle_no.properties" size="10970">
  </module>
  <module name="sap/ui/ux3/messagebundle_pl.properties" size="11489">
  </module>
  <module name="sap/ui/ux3/messagebundle_pt.properties" size="11129">
  </module>
  <module name="sap/ui/ux3/messagebundle_ro.properties" size="11050">
  </module>
  <module name="sap/ui/ux3/messagebundle_ru.properties" size="19358">
  </module>
  <module name="sap/ui/ux3/messagebundle_sh.properties" size="10857">
  </module>
  <module name="sap/ui/ux3/messagebundle_sk.properties" size="12186">
  </module>
  <module name="sap/ui/ux3/messagebundle_sl.properties" size="11234">
  </module>
  <module name="sap/ui/ux3/messagebundle_sv.properties" size="11256">
  </module>
  <module name="sap/ui/ux3/messagebundle_th.properties" size="16950">
  </module>
  <module name="sap/ui/ux3/messagebundle_tr.properties" size="11499">
  </module>
  <module name="sap/ui/ux3/messagebundle_uk.properties" size="18546">
  </module>
  <module name="sap/ui/ux3/messagebundle_vi.properties" size="13400">
  </module>
  <module name="sap/ui/ux3/messagebundle_zh_CN.properties" size="11921">
  </module>
  <module name="sap/ui/ux3/messagebundle_zh_TW.properties" size="11849">
  </module>
</library>
