{
  "modules" : [
    {
      "name" : "sap/ui/ux3/ActionBar.js",
      "description" : "Provides control sap.ui.ux3.ActionBar.",
      "size" : 52833,
      "compressedSize" : 21631,
      "required" : ["jquery.sap.global.js", "sap/ui/core/Control.js", "sap/ui/core/delegate/ItemNavigation.js", "sap/ui/ux3/library.js"],
      "includes" : []
    },
    {
      "name" : "sap/ui/ux3/ActionBarRenderer.js",
      "description" : "! UI development toolkit for HTML5 (OpenUI5) (c) Copyright 2009-2016 SAP SE or an SAP affiliate company. Licensed under the Apache License, Version 2.0 - see LICENSE.txt.",
      "size" : 7645,
      "compressedSize" : 2948,
      "required" : ["jquery.sap.global.js"],
      "includes" : []
    },
    {
      "name" : "sap/ui/ux3/Collection.js",
      "description" : "Provides control sap.ui.ux3.Collection.",
      "size" : 5592,
      "compressedSize" : 2530,
      "required" : ["jquery.sap.global.js", "sap/ui/core/Element.js", "sap/ui/model/SelectionModel.js", "sap/ui/ux3/library.js"],
      "includes" : []
    },
    {
      "name" : "sap/ui/ux3/CollectionInspector.js",
      "description" : "Provides control sap.ui.ux3.CollectionInspector.",
      "size" : 19022,
      "compressedSize" : 8870,
      "required" : ["jquery.sap.global.js", "sap/ui/core/Control.js", "sap/ui/core/delegate/ItemNavigation.js", "sap/ui/ux3/library.js"],
      "includes" : []
    },
    {
      "name" : "sap/ui/ux3/CollectionInspectorRenderer.js",
      "description" : "Provides default renderer for the sap.ui.ux3.Collection",
      "size" : 5773,
      "compressedSize" : 2610,
      "required" : ["jquery.sap.global.js"],
      "includes" : []
    },
    {
      "name" : "sap/ui/ux3/DataSet.js",
      "description" : "Provides control sap.ui.ux3.DataSet.",
      "size" : 20935,
      "compressedSize" : 11385,
      "required" : ["jquery.sap.global.js", "sap/ui/core/Control.js", "sap/ui/core/ResizeHandler.js", "sap/ui/ux3/library.js", "sap/ui/model/SelectionModel.js"],
      "includes" : []
    },
    {
      "name" : "sap/ui/ux3/DataSetItem.js",
      "description" : "Provides control sap.ui.ux3.DataSetItem.",
      "size" : 2424,
      "compressedSize" : 987,
      "required" : ["jquery.sap.global.js", "sap/ui/core/Element.js", "sap/ui/ux3/library.js"],
      "includes" : []
    },
    {
      "name" : "sap/ui/ux3/DataSetRenderer.js",
      "description" : "Provides default renderer for the sap.ui.ux3.DataSet",
      "size" : 3057,
      "compressedSize" : 1282,
      "required" : ["jquery.sap.global.js"],
      "includes" : []
    },
    {
      "name" : "sap/ui/ux3/DataSetSimpleView.js",
      "description" : "Provides control sap.ui.ux3.DataSetSimpleView.",
      "size" : 15029,
      "compressedSize" : 7016,
      "required" : ["jquery.sap.global.js", "sap/ui/core/Control.js", "sap/ui/core/ResizeHandler.js", "sap/ui/ux3/library.js", "jquery.sap.script.js"],
      "includes" : []
    },
    {
      "name" : "sap/ui/ux3/DataSetSimpleViewRenderer.js",
      "description" : "Provides default renderer for the sap.ui.ux3.DataSetSimpleView",
      "size" : 2233,
      "compressedSize" : 1161,
      "required" : ["jquery.sap.global.js"],
      "includes" : []
    },
    {
      "name" : "sap/ui/ux3/Exact.js",
      "description" : "Provides control sap.ui.ux3.Exact.",
      "size" : 7126,
      "compressedSize" : 3558,
      "required" : ["jquery.sap.global.js", "sap/ui/commons/Button.js", "sap/ui/commons/Menu.js", "sap/ui/commons/SearchField.js", "sap/ui/commons/TextView.js", "sap/ui/core/Control.js", "sap/ui/ux3/ExactArea.js", "sap/ui/ux3/ExactAttribute.js", "sap/ui/ux3/ExactBrowser.js", "sap/ui/ux3/library.js"],
      "includes" : []
    },
    {
      "name" : "sap/ui/ux3/ExactArea.js",
      "description" : "Provides control sap.ui.ux3.ExactArea.",
      "size" : 2511,
      "compressedSize" : 909,
      "required" : ["jquery.sap.global.js", "sap/ui/commons/Toolbar.js", "sap/ui/core/Control.js", "sap/ui/ux3/library.js"],
      "includes" : []
    },
    {
      "name" : "sap/ui/ux3/ExactAreaRenderer.js",
      "description" : "Provides default renderer for the sap.ui.ux3.ExactArea",
      "size" : 2113,
      "compressedSize" : 1164,
      "required" : ["jquery.sap.global.js"],
      "includes" : []
    },
    {
      "name" : "sap/ui/ux3/ExactAttribute.js",
      "description" : "Provides control sap.ui.ux3.ExactAttribute.",
      "size" : 12044,
      "compressedSize" : 5593,
      "required" : ["jquery.sap.global.js", "sap/ui/core/Element.js", "sap/ui/ux3/library.js"],
      "includes" : []
    },
    {
      "name" : "sap/ui/ux3/ExactBrowser.js",
      "description" : "Provides control sap.ui.ux3.ExactBrowser.",
      "size" : 11793,
      "compressedSize" : 4952,
      "required" : ["jquery.sap.global.js", "sap/ui/commons/Button.js", "sap/ui/commons/Menu.js", "sap/ui/core/Control.js", "sap/ui/ux3/ExactAttribute.js", "sap/ui/ux3/ExactList.js", "sap/ui/ux3/library.js"],
      "includes" : []
    },
    {
      "name" : "sap/ui/ux3/ExactBrowserRenderer.js",
      "description" : "Provides default renderer for the sap.ui.ux3.ExactBrowser",
      "size" : 1961,
      "compressedSize" : 1084,
      "required" : ["jquery.sap.global.js"],
      "includes" : []
    },
    {
      "name" : "sap/ui/ux3/ExactList.js",
      "description" : "Provides control sap.ui.ux3.ExactList.",
      "size" : 46066,
      "compressedSize" : 20781,
      "required" : ["jquery.sap.global.js", "sap/ui/commons/ListBox.js", "sap/ui/core/Control.js", "sap/ui/core/Popup.js", "sap/ui/core/theming/Parameters.js", "sap/ui/ux3/library.js", "jquery.sap.dom.js"],
      "includes" : []
    },
    {
      "name" : "sap/ui/ux3/ExactListRenderer.js",
      "description" : "Provides default renderer for the sap.ui.ux3.ExactListRenderer",
      "size" : 6511,
      "compressedSize" : 3823,
      "required" : ["jquery.sap.global.js"],
      "includes" : []
    },
    {
      "name" : "sap/ui/ux3/ExactRenderer.js",
      "description" : "Provides default renderer for the sap.ui.ux3.Exact",
      "size" : 1348,
      "compressedSize" : 638,
      "required" : ["jquery.sap.global.js"],
      "includes" : []
    },
    {
      "name" : "sap/ui/ux3/FacetFilter.js",
      "description" : "Provides control sap.ui.ux3.FacetFilter.",
      "size" : 1846,
      "compressedSize" : 689,
      "required" : ["jquery.sap.global.js", "sap/ui/core/Control.js", "sap/ui/ux3/library.js"],
      "includes" : []
    },
    {
      "name" : "sap/ui/ux3/FacetFilterList.js",
      "description" : "Provides control sap.ui.ux3.FacetFilterList.",
      "size" : 9193,
      "compressedSize" : 4813,
      "required" : ["jquery.sap.global.js", "sap/ui/commons/ListBox.js", "sap/ui/core/Control.js", "sap/ui/ux3/library.js"],
      "includes" : []
    },
    {
      "name" : "sap/ui/ux3/FacetFilterListRenderer.js",
      "description" : "Provides default renderer for the sap.ui.ux3.FacetFilterListRenderer",
      "size" : 1681,
      "compressedSize" : 831,
      "required" : ["jquery.sap.global.js"],
      "includes" : []
    },
    {
      "name" : "sap/ui/ux3/FacetFilterRenderer.js",
      "description" : "Provides default renderer for the sap.ui.ux3.FacetFilter",
      "size" : 1469,
      "compressedSize" : 674,
      "required" : ["jquery.sap.global.js"],
      "includes" : []
    },
    {
      "name" : "sap/ui/ux3/Feed.js",
      "description" : "Provides control sap.ui.ux3.Feed.",
      "size" : 11775,
      "compressedSize" : 6017,
      "required" : ["jquery.sap.global.js", "sap/ui/commons/DropdownBox.js", "sap/ui/commons/MenuButton.js", "sap/ui/commons/SearchField.js", "sap/ui/commons/ToggleButton.js", "sap/ui/core/Control.js", "sap/ui/ux3/Feeder.js", "sap/ui/ux3/library.js"],
      "includes" : []
    },
    {
      "name" : "sap/ui/ux3/FeedChunk.js",
      "description" : "Provides control sap.ui.ux3.FeedChunk.",
      "size" : 19489,
      "compressedSize" : 9175,
      "required" : ["jquery.sap.global.js", "sap/ui/commons/MenuButton.js", "sap/ui/core/Control.js", "sap/ui/core/theming/Parameters.js", "sap/ui/ux3/Feeder.js", "sap/ui/ux3/library.js"],
      "includes" : []
    },
    {
      "name" : "sap/ui/ux3/FeedChunkRenderer.js",
      "description" : "Provides default renderer for the sap.ui.ux3.FeedChunk",
      "size" : 7802,
      "compressedSize" : 4743,
      "required" : ["jquery.sap.global.js"],
      "includes" : []
    },
    {
      "name" : "sap/ui/ux3/FeedRenderer.js",
      "description" : "! UI development toolkit for HTML5 (OpenUI5) (c) Copyright 2009-2016 SAP SE or an SAP affiliate company. Licensed under the Apache License, Version 2.0 - see LICENSE.txt.",
      "size" : 1941,
      "compressedSize" : 926,
      "required" : ["jquery.sap.global.js"],
      "includes" : []
    },
    {
      "name" : "sap/ui/ux3/Feeder.js",
      "description" : "Provides control sap.ui.ux3.Feeder.",
      "size" : 8824,
      "compressedSize" : 3573,
      "required" : ["jquery.sap.global.js", "sap/ui/commons/Button.js", "sap/ui/core/Control.js", "sap/ui/core/theming/Parameters.js", "sap/ui/ux3/library.js"],
      "includes" : []
    },
    {
      "name" : "sap/ui/ux3/FeederRenderer.js",
      "description" : "Provides default renderer for the sap.ui.ux3.Feeder",
      "size" : 2416,
      "compressedSize" : 1267,
      "required" : ["jquery.sap.global.js"],
      "includes" : []
    },
    {
      "name" : "sap/ui/ux3/NavigationBar.js",
      "description" : "Provides control sap.ui.ux3.NavigationBar.",
      "size" : 28577,
      "compressedSize" : 11885,
      "required" : ["jquery.sap.global.js", "sap/ui/core/Control.js", "sap/ui/core/delegate/ItemNavigation.js", "sap/ui/ux3/library.js", "jquery.sap.dom.js", "sap/ui/commons/Menu.js"],
      "includes" : []
    },
    {
      "name" : "sap/ui/ux3/NavigationBarRenderer.js",
      "description" : "Provides default renderer for the sap.ui.ux3.NavigationBar",
      "size" : 4535,
      "compressedSize" : 2268,
      "required" : ["jquery.sap.global.js"],
      "includes" : []
    },
    {
      "name" : "sap/ui/ux3/NavigationItem.js",
      "description" : "Provides control sap.ui.ux3.NavigationItem.",
      "size" : 2555,
      "compressedSize" : 644,
      "required" : ["jquery.sap.global.js", "sap/ui/core/Item.js", "sap/ui/ux3/library.js"],
      "includes" : []
    },
    {
      "name" : "sap/ui/ux3/NotificationBar.js",
      "description" : "Provides control sap.ui.ux3.NotificationBar.",
      "size" : 38063,
      "compressedSize" : 15894,
      "required" : ["jquery.sap.global.js", "sap/ui/core/Control.js", "sap/ui/core/delegate/ItemNavigation.js", "sap/ui/core/theming/Parameters.js", "sap/ui/ux3/library.js"],
      "includes" : []
    },
    {
      "name" : "sap/ui/ux3/NotificationBarRenderer.js",
      "description" : "! UI development toolkit for HTML5 (OpenUI5) (c) Copyright 2009-2016 SAP SE or an SAP affiliate company. Licensed under the Apache License, Version 2.0 - see LICENSE.txt.",
      "size" : 13881,
      "compressedSize" : 6522,
      "required" : ["jquery.sap.global.js", "sap/ui/core/Icon.js"],
      "includes" : []
    },
    {
      "name" : "sap/ui/ux3/Notifier.js",
      "description" : "Provides control sap.ui.ux3.Notifier.",
      "size" : 8500,
      "compressedSize" : 3556,
      "required" : ["jquery.sap.global.js", "sap/ui/commons/Callout.js", "sap/ui/core/Element.js", "sap/ui/ux3/library.js"],
      "includes" : []
    },
    {
      "name" : "sap/ui/ux3/Overlay.js",
      "description" : "Provides control sap.ui.ux3.Overlay.",
      "size" : 10489,
      "compressedSize" : 4580,
      "required" : ["jquery.sap.global.js", "sap/ui/core/Control.js", "sap/ui/core/Popup.js", "sap/ui/ux3/library.js"],
      "includes" : []
    },
    {
      "name" : "sap/ui/ux3/OverlayContainer.js",
      "description" : "Provides control sap.ui.ux3.OverlayContainer.",
      "size" : 2104,
      "compressedSize" : 973,
      "required" : ["jquery.sap.global.js", "sap/ui/ux3/Overlay.js", "sap/ui/ux3/library.js"],
      "includes" : []
    },
    {
      "name" : "sap/ui/ux3/OverlayContainerRenderer.js",
      "description" : "Provides default renderer for the sap.ui.ux3.OverlayContainer",
      "size" : 2263,
      "compressedSize" : 692,
      "required" : ["jquery.sap.global.js", "sap/ui/core/Renderer.js", "sap/ui/ux3/OverlayRenderer.js"],
      "includes" : []
    },
    {
      "name" : "sap/ui/ux3/OverlayDialog.js",
      "description" : "Provides control sap.ui.ux3.OverlayDialog.",
      "size" : 6638,
      "compressedSize" : 3418,
      "required" : ["jquery.sap.global.js", "sap/ui/core/IntervalTrigger.js", "sap/ui/ux3/Overlay.js", "sap/ui/ux3/library.js"],
      "includes" : []
    },
    {
      "name" : "sap/ui/ux3/OverlayDialogRenderer.js",
      "description" : "Provides default renderer for the sap.ui.ux3.OverlayDialog",
      "size" : 2242,
      "compressedSize" : 692,
      "required" : ["jquery.sap.global.js", "sap/ui/core/Renderer.js", "sap/ui/ux3/OverlayRenderer.js"],
      "includes" : []
    },
    {
      "name" : "sap/ui/ux3/OverlayRenderer.js",
      "description" : "Provides default renderer for the sap.ui.ux3.Overlay",
      "size" : 2446,
      "compressedSize" : 1495,
      "required" : ["jquery.sap.global.js"],
      "includes" : []
    },
    {
      "name" : "sap/ui/ux3/QuickView.js",
      "description" : "Provides control sap.ui.ux3.QuickView.",
      "size" : 14025,
      "compressedSize" : 6374,
      "required" : ["jquery.sap.global.js", "sap/ui/commons/CalloutBase.js", "sap/ui/core/delegate/ItemNavigation.js", "sap/ui/ux3/ActionBar.js", "sap/ui/ux3/library.js"],
      "includes" : []
    },
    {
      "name" : "sap/ui/ux3/QuickViewRenderer.js",
      "description" : "! UI development toolkit for HTML5 (OpenUI5) (c) Copyright 2009-2016 SAP SE or an SAP affiliate company. Licensed under the Apache License, Version 2.0 - see LICENSE.txt.",
      "size" : 4972,
      "compressedSize" : 2403,
      "required" : ["jquery.sap.global.js", "sap/ui/commons/CalloutBaseRenderer.js", "sap/ui/core/Renderer.js", "sap/ui/core/IconPool.js"],
      "includes" : []
    },
    {
      "name" : "sap/ui/ux3/Shell.js",
      "description" : "Provides control sap.ui.ux3.Shell.",
      "size" : 94545,
      "compressedSize" : 44891,
      "required" : ["jquery.sap.global.js", "sap/ui/commons/Menu.js", "sap/ui/core/Control.js", "sap/ui/core/theming/Parameters.js", "sap/ui/ux3/library.js", "jquery.sap.script.js", "sap/ui/ux3/ShellPersonalization.js"],
      "includes" : []
    },
    {
      "name" : "sap/ui/ux3/ShellColorPicker.js",
      "description" : "Provides the class sap.ui.ux3.ShellColorPicker",
      "size" : 10606,
      "compressedSize" : 6041,
      "required" : ["jquery.sap.global.js", "sap/ui/base/EventProvider.js", "sap/ui/commons/Button.js", "sap/ui/core/Popup.js"],
      "includes" : []
    },
    {
      "name" : "sap/ui/ux3/ShellPersonalization.js",
      "description" : "Provides the class sap.ui.ux3.ShellPersonalization",
      "size" : 25480,
      "compressedSize" : 16392,
      "required" : ["jquery.sap.global.js", "sap/ui/base/EventProvider.js", "sap/ui/commons/Button.js", "sap/ui/commons/Dialog.js", "sap/ui/core/theming/Parameters.js", "sap/ui/ux3/ShellColorPicker.js"],
      "includes" : []
    },
    {
      "name" : "sap/ui/ux3/ShellRenderer.js",
      "description" : "Provides default renderer for the sap.ui.ux3.Shell",
      "size" : 15305,
      "compressedSize" : 9443,
      "required" : ["jquery.sap.global.js", "sap/ui/core/IconPool.js"],
      "includes" : []
    },
    {
      "name" : "sap/ui/ux3/ThingAction.js",
      "description" : "Provides control sap.ui.ux3.ThingAction.",
      "size" : 1893,
      "compressedSize" : 752,
      "required" : ["jquery.sap.global.js", "sap/ui/core/Element.js", "sap/ui/ux3/library.js"],
      "includes" : []
    },
    {
      "name" : "sap/ui/ux3/ThingGroup.js",
      "description" : "Provides control sap.ui.ux3.ThingGroup.",
      "size" : 1680,
      "compressedSize" : 691,
      "required" : ["jquery.sap.global.js", "sap/ui/core/Element.js", "sap/ui/ux3/library.js"],
      "includes" : []
    },
    {
      "name" : "sap/ui/ux3/ThingInspector.js",
      "description" : "Provides control sap.ui.ux3.ThingInspector.",
      "size" : 20767,
      "compressedSize" : 10816,
      "required" : ["jquery.sap.global.js", "sap/ui/ux3/ActionBar.js", "sap/ui/ux3/Overlay.js", "sap/ui/ux3/ThingViewer.js", "sap/ui/ux3/library.js"],
      "includes" : []
    },
    {
      "name" : "sap/ui/ux3/ThingInspectorRenderer.js",
      "description" : "Provides default renderer for the sap.ui.ux3.ThingInspector",
      "size" : 2194,
      "compressedSize" : 645,
      "required" : ["jquery.sap.global.js", "sap/ui/core/Renderer.js", "sap/ui/ux3/OverlayRenderer.js"],
      "includes" : []
    },
    {
      "name" : "sap/ui/ux3/ThingViewer.js",
      "description" : "Provides control sap.ui.ux3.ThingViewer.",
      "size" : 15575,
      "compressedSize" : 8064,
      "required" : ["jquery.sap.global.js", "sap/ui/core/Control.js", "sap/ui/ux3/library.js"],
      "includes" : []
    },
    {
      "name" : "sap/ui/ux3/ThingViewerRenderer.js",
      "description" : "! UI development toolkit for HTML5 (OpenUI5) (c) Copyright 2009-2016 SAP SE or an SAP affiliate company. Licensed under the Apache License, Version 2.0 - see LICENSE.txt.",
      "size" : 9441,
      "compressedSize" : 4836,
      "required" : ["jquery.sap.global.js"],
      "includes" : []
    },
    {
      "name" : "sap/ui/ux3/ToolPopup.js",
      "description" : "Provides control sap.ui.ux3.ToolPopup.",
      "size" : 63843,
      "compressedSize" : 15876,
      "required" : ["jquery.sap.global.js", "sap/ui/core/Control.js", "sap/ui/core/IconPool.js", "sap/ui/core/Popup.js", "sap/ui/core/theming/Parameters.js", "sap/ui/core/RenderManager.js", "sap/ui/ux3/library.js"],
      "includes" : []
    },
    {
      "name" : "sap/ui/ux3/ToolPopupRenderer.js",
      "description" : "Provides default renderer for the sap.ui.ux3.ToolPopup",
      "size" : 4169,
      "compressedSize" : 2414,
      "required" : ["jquery.sap.global.js"],
      "includes" : []
    },
    {
      "name" : "sap/ui/ux3/library.js",
      "description" : "Initialization Code and shared classes of library sap.ui.ux3.",
      "size" : 8194,
      "compressedSize" : 2267,
      "required" : ["jquery.sap.global.js", "sap/ui/core/library.js", "sap/ui/commons/library.js"],
      "includes" : []
    },
    {
      "name" : "sap/ui/ux3/manifest.json",
      "size" : 848,
      "required" : [],
      "includes" : []
    },
    {
      "name" : "sap/ui/ux3/messagebundle.properties",
      "size" : 10578,
      "required" : [],
      "includes" : []
    },
    {
      "name" : "sap/ui/ux3/messagebundle_ar.properties",
      "size" : 16255,
      "required" : [],
      "includes" : []
    },
    {
      "name" : "sap/ui/ux3/messagebundle_bg.properties",
      "size" : 19245,
      "required" : [],
      "includes" : []
    },
    {
      "name" : "sap/ui/ux3/messagebundle_ca.properties",
      "size" : 11041,
      "required" : [],
      "includes" : []
    },
    {
      "name" : "sap/ui/ux3/messagebundle_cs.properties",
      "size" : 12087,
      "required" : [],
      "includes" : []
    },
    {
      "name" : "sap/ui/ux3/messagebundle_da.properties",
      "size" : 11035,
      "required" : [],
      "includes" : []
    },
    {
      "name" : "sap/ui/ux3/messagebundle_de.properties",
      "size" : 11042,
      "required" : [],
      "includes" : []
    },
    {
      "name" : "sap/ui/ux3/messagebundle_el.properties",
      "size" : 18532,
      "required" : [],
      "includes" : []
    },
    {
      "name" : "sap/ui/ux3/messagebundle_en.properties",
      "size" : 10459,
      "required" : [],
      "includes" : []
    },
    {
      "name" : "sap/ui/ux3/messagebundle_en_US_sappsd.properties",
      "size" : 19499,
      "required" : [],
      "includes" : []
    },
    {
      "name" : "sap/ui/ux3/messagebundle_en_US_saptrc.properties",
      "size" : 12368,
      "required" : [],
      "includes" : []
    },
    {
      "name" : "sap/ui/ux3/messagebundle_es.properties",
      "size" : 11038,
      "required" : [],
      "includes" : []
    },
    {
      "name" : "sap/ui/ux3/messagebundle_et.properties",
      "size" : 10981,
      "required" : [],
      "includes" : []
    },
    {
      "name" : "sap/ui/ux3/messagebundle_fi.properties",
      "size" : 11381,
      "required" : [],
      "includes" : []
    },
    {
      "name" : "sap/ui/ux3/messagebundle_fr.properties",
      "size" : 11333,
      "required" : [],
      "includes" : []
    },
    {
      "name" : "sap/ui/ux3/messagebundle_hi.properties",
      "size" : 16734,
      "required" : [],
      "includes" : []
    },
    {
      "name" : "sap/ui/ux3/messagebundle_hr.properties",
      "size" : 11036,
      "required" : [],
      "includes" : []
    },
    {
      "name" : "sap/ui/ux3/messagebundle_hu.properties",
      "size" : 12197,
      "required" : [],
      "includes" : []
    },
    {
      "name" : "sap/ui/ux3/messagebundle_it.properties",
      "size" : 11018,
      "required" : [],
      "includes" : []
    },
    {
      "name" : "sap/ui/ux3/messagebundle_iw.properties",
      "size" : 14908,
      "required" : [],
      "includes" : []
    },
    {
      "name" : "sap/ui/ux3/messagebundle_ja.properties",
      "size" : 13216,
      "required" : [],
      "includes" : []
    },
    {
      "name" : "sap/ui/ux3/messagebundle_kk.properties",
      "size" : 18462,
      "required" : [],
      "includes" : []
    },
    {
      "name" : "sap/ui/ux3/messagebundle_ko.properties",
      "size" : 12670,
      "required" : [],
      "includes" : []
    },
    {
      "name" : "sap/ui/ux3/messagebundle_lt.properties",
      "size" : 11565,
      "required" : [],
      "includes" : []
    },
    {
      "name" : "sap/ui/ux3/messagebundle_lv.properties",
      "size" : 11613,
      "required" : [],
      "includes" : []
    },
    {
      "name" : "sap/ui/ux3/messagebundle_ms.properties",
      "size" : 10642,
      "required" : [],
      "includes" : []
    },
    {
      "name" : "sap/ui/ux3/messagebundle_nl.properties",
      "size" : 10793,
      "required" : [],
      "includes" : []
    },
    {
      "name" : "sap/ui/ux3/messagebundle_no.properties",
      "size" : 10970,
      "required" : [],
      "includes" : []
    },
    {
      "name" : "sap/ui/ux3/messagebundle_pl.properties",
      "size" : 11489,
      "required" : [],
      "includes" : []
    },
    {
      "name" : "sap/ui/ux3/messagebundle_pt.properties",
      "size" : 11129,
      "required" : [],
      "includes" : []
    },
    {
      "name" : "sap/ui/ux3/messagebundle_ro.properties",
      "size" : 11050,
      "required" : [],
      "includes" : []
    },
    {
      "name" : "sap/ui/ux3/messagebundle_ru.properties",
      "size" : 19358,
      "required" : [],
      "includes" : []
    },
    {
      "name" : "sap/ui/ux3/messagebundle_sh.properties",
      "size" : 10857,
      "required" : [],
      "includes" : []
    },
    {
      "name" : "sap/ui/ux3/messagebundle_sk.properties",
      "size" : 12186,
      "required" : [],
      "includes" : []
    },
    {
      "name" : "sap/ui/ux3/messagebundle_sl.properties",
      "size" : 11234,
      "required" : [],
      "includes" : []
    },
    {
      "name" : "sap/ui/ux3/messagebundle_sv.properties",
      "size" : 11256,
      "required" : [],
      "includes" : []
    },
    {
      "name" : "sap/ui/ux3/messagebundle_th.properties",
      "size" : 16950,
      "required" : [],
      "includes" : []
    },
    {
      "name" : "sap/ui/ux3/messagebundle_tr.properties",
      "size" : 11499,
      "required" : [],
      "includes" : []
    },
    {
      "name" : "sap/ui/ux3/messagebundle_uk.properties",
      "size" : 18546,
      "required" : [],
      "includes" : []
    },
    {
      "name" : "sap/ui/ux3/messagebundle_vi.properties",
      "size" : 13400,
      "required" : [],
      "includes" : []
    },
    {
      "name" : "sap/ui/ux3/messagebundle_zh_CN.properties",
      "size" : 11921,
      "required" : [],
      "includes" : []
    },
    {
      "name" : "sap/ui/ux3/messagebundle_zh_TW.properties",
      "size" : 11849,
      "required" : [],
      "includes" : []
    }
  ]
}
