<?xml version="1.0" encoding="UTF-8" ?>
<Library name="sap.ui.ux3" xmlns="http://www.sap.com/ui5/ide/templates/xmlview">
<Template name="sap.ui.ux3.ActionBar" alias="ActionBar,Bar">
	<jsTemplate><![CDATA[new sap.ui.ux3.ActionBar({
	id: "${id}", // sap.ui.core.ID
	busy: false, // boolean
	busyIndicatorDelay: 1000, // int
	visible: true, // boolean
	fieldGroupIds: [], // string[], since 1.31
	followState: sap.ui.ux3.FollowActionState.Default, // sap.ui.ux3.FollowActionState
	flagState: undefined, // boolean
	favoriteState: undefined, // boolean
	updateState: undefined, // boolean
	thingIconURI: undefined, // sap.ui.core.URI
	alwaysShowMoreMenu: true, // boolean
	showUpdate: true, // boolean
	showFollow: true, // boolean
	showFlag: true, // boolean
	showFavorite: true, // boolean
	showOpen: true, // boolean
	dividerWidth: undefined, // sap.ui.core.CSSSize
	tooltip: undefined, // sap.ui.core.TooltipBase
	customData: [], // sap.ui.core.CustomData
	dependents: [], // sap.ui.core.Control, since 1.19
	businessActions: [], // sap.ui.ux3.ThingAction
	validateFieldGroup: [function (oEvent) {
		var ${control} = oEvent.getSource();
	}, this],
	actionSelected: [function (oEvent) {
		var ${control} = oEvent.getSource();
	}, this],
	feedSubmit: [function (oEvent) {
		var ${control} = oEvent.getSource();
	}, this]
})
]]></jsTemplate>
	<xmlTemplate><![CDATA[<ActionBar xmlns="sap.ui.ux3"
	id="${id}"
	busy="false"
	busyIndicatorDelay="1000"
	visible="true"
	fieldGroupIds=""
	followState="Default"
	flagState=""
	favoriteState=""
	updateState=""
	thingIconURI=""
	alwaysShowMoreMenu="true"
	showUpdate="true"
	showFollow="true"
	showFlag="true"
	showFavorite="true"
	showOpen="true"
	dividerWidth=""
	validateFieldGroup=""
	actionSelected=""
	feedSubmit="">
		<tooltip></tooltip> <!-- sap.ui.core.TooltipBase -->
		<dependents></dependents> <!-- sap.ui.core.Control, since 1.19 -->
		<businessActions></businessActions> <!-- sap.ui.ux3.ThingAction -->
</ActionBar>
]]></xmlTemplate>
</Template>
<Template name="sap.ui.ux3.Collection" alias="Collection">
	<jsTemplate><![CDATA[new sap.ui.ux3.Collection({
	id: "${id}", // sap.ui.core.ID
	title: undefined, // string
	editable: false, // boolean
	multiSelection: false, // boolean
	tooltip: undefined, // sap.ui.core.TooltipBase
	customData: [], // sap.ui.core.CustomData
	dependents: [], // sap.ui.core.Control, since 1.19
	items: [], // sap.ui.core.Item
	selectedItems: [], // sap.ui.core.Item
	selectionChanged: [function (oEvent) {
		var ${control} = oEvent.getSource();
	}, this],
	propertyChanged: [function (oEvent) {
		var ${control} = oEvent.getSource();
	}, this]
})
]]></jsTemplate>
	<xmlTemplate><![CDATA[<Collection xmlns="sap.ui.ux3"
	id="${id}"
	title=""
	editable="false"
	multiSelection="false"
	selectedItems=""
	selectionChanged=""
	propertyChanged="">
		<tooltip></tooltip> <!-- sap.ui.core.TooltipBase -->
		<dependents></dependents> <!-- sap.ui.core.Control, since 1.19 -->
		<items></items> <!-- sap.ui.core.Item -->
</Collection>
]]></xmlTemplate>
</Template>
<Template name="sap.ui.ux3.CollectionInspector" alias="CollectionInspector,Inspector">
	<jsTemplate><![CDATA[new sap.ui.ux3.CollectionInspector({
	id: "${id}", // sap.ui.core.ID
	busy: false, // boolean
	busyIndicatorDelay: 1000, // int
	visible: true, // boolean
	fieldGroupIds: [], // string[], since 1.31
	sidebarVisible: true, // boolean
	fitParent: true, // boolean
	tooltip: undefined, // sap.ui.core.TooltipBase
	customData: [], // sap.ui.core.CustomData
	dependents: [], // sap.ui.core.Control, since 1.19
	collections: [], // sap.ui.ux3.Collection
	content: [], // sap.ui.core.Control
	selectedCollection: undefined, // sap.ui.ux3.Collection
	validateFieldGroup: [function (oEvent) {
		var ${control} = oEvent.getSource();
	}, this],
	collectionSelected: [function (oEvent) {
		var ${control} = oEvent.getSource();
	}, this],
	itemSelectionChanged: [function (oEvent) {
		var ${control} = oEvent.getSource();
	}, this],
	editCollection: [function (oEvent) {
		var ${control} = oEvent.getSource();
	}, this]
})
]]></jsTemplate>
	<xmlTemplate><![CDATA[<CollectionInspector xmlns="sap.ui.ux3"
	id="${id}"
	busy="false"
	busyIndicatorDelay="1000"
	visible="true"
	fieldGroupIds=""
	sidebarVisible="true"
	fitParent="true"
	selectedCollection=""
	validateFieldGroup=""
	collectionSelected=""
	itemSelectionChanged=""
	editCollection="">
		<tooltip></tooltip> <!-- sap.ui.core.TooltipBase -->
		<dependents></dependents> <!-- sap.ui.core.Control, since 1.19 -->
		<collections></collections> <!-- sap.ui.ux3.Collection -->
		<content></content> <!-- sap.ui.core.Control -->
</CollectionInspector>
]]></xmlTemplate>
</Template>
<Template name="sap.ui.ux3.DataSet" alias="DataSet,Set">
	<jsTemplate><![CDATA[new sap.ui.ux3.DataSet({
	id: "${id}", // sap.ui.core.ID
	busy: false, // boolean
	busyIndicatorDelay: 1000, // int
	visible: true, // boolean
	fieldGroupIds: [], // string[], since 1.31
	showToolbar: true, // boolean
	showFilter: true, // boolean
	showSearchField: true, // boolean
	multiSelect: false, // boolean
	tooltip: undefined, // sap.ui.core.TooltipBase
	customData: [], // sap.ui.core.CustomData
	dependents: [], // sap.ui.core.Control, since 1.19
	items: [], // sap.ui.ux3.DataSetItem
	views: [], // sap.ui.ux3.DataSetView
	filter: [], // sap.ui.core.Control
	selectedView: undefined, // sap.ui.ux3.DataSetView
	validateFieldGroup: [function (oEvent) {
		var ${control} = oEvent.getSource();
	}, this],
	selectionChanged: [function (oEvent) {
		var ${control} = oEvent.getSource();
	}, this],
	search: [function (oEvent) {
		var ${control} = oEvent.getSource();
	}, this]
})
]]></jsTemplate>
	<xmlTemplate><![CDATA[<DataSet xmlns="sap.ui.ux3"
	id="${id}"
	busy="false"
	busyIndicatorDelay="1000"
	visible="true"
	fieldGroupIds=""
	showToolbar="true"
	showFilter="true"
	showSearchField="true"
	multiSelect="false"
	selectedView=""
	validateFieldGroup=""
	selectionChanged=""
	search="">
		<tooltip></tooltip> <!-- sap.ui.core.TooltipBase -->
		<dependents></dependents> <!-- sap.ui.core.Control, since 1.19 -->
		<items></items> <!-- sap.ui.ux3.DataSetItem -->
		<views></views> <!-- sap.ui.ux3.DataSetView -->
		<filter></filter> <!-- sap.ui.core.Control -->
</DataSet>
]]></xmlTemplate>
</Template>
<Template name="sap.ui.ux3.DataSetItem" alias="DataSetItem,Item">
	<jsTemplate><![CDATA[new sap.ui.ux3.DataSetItem({
	id: "${id}", // sap.ui.core.ID
	iconSrc: undefined, // sap.ui.core.URI
	title: "Title", // string
	checkable: true, // boolean
	subtitle: "Subtitle", // string
	tooltip: undefined, // sap.ui.core.TooltipBase
	customData: [], // sap.ui.core.CustomData
	dependents: [], // sap.ui.core.Control, since 1.19
	selected: [function (oEvent) {
		var ${control} = oEvent.getSource();
	}, this]
})
]]></jsTemplate>
	<xmlTemplate><![CDATA[<DataSetItem xmlns="sap.ui.ux3"
	id="${id}"
	iconSrc=""
	title="Title"
	checkable="true"
	subtitle="Subtitle"
	selected="">
		<tooltip></tooltip> <!-- sap.ui.core.TooltipBase -->
		<dependents></dependents> <!-- sap.ui.core.Control, since 1.19 -->
</DataSetItem>
]]></xmlTemplate>
</Template>
<Template name="sap.ui.ux3.DataSetSimpleView" alias="DataSetSimpleView,View">
	<jsTemplate><![CDATA[new sap.ui.ux3.DataSetSimpleView({
	id: "${id}", // sap.ui.core.ID
	busy: false, // boolean
	busyIndicatorDelay: 1000, // int
	visible: true, // boolean
	fieldGroupIds: [], // string[], since 1.31
	floating: true, // boolean
	name: "Name of this View", // string
	icon: undefined, // sap.ui.core.URI
	iconHovered: undefined, // sap.ui.core.URI
	iconSelected: undefined, // sap.ui.core.URI
	responsive: false, // boolean, since 1.9.2
	itemMinWidth: 0, // int, since 1.9.2
	initialItemCount: 0, // int, since 1.13.0
	reloadItemCount: 0, // int, since 1.13.0
	scrollArea: undefined, // any, since 1.13.0
	height: undefined, // sap.ui.core.CSSSize, since 1.13.0
	tooltip: undefined, // sap.ui.core.TooltipBase
	customData: [], // sap.ui.core.CustomData
	dependents: [], // sap.ui.core.Control, since 1.19
	template: undefined, // sap.ui.core.Control
	validateFieldGroup: [function (oEvent) {
		var ${control} = oEvent.getSource();
	}, this]
})
]]></jsTemplate>
	<xmlTemplate><![CDATA[<DataSetSimpleView xmlns="sap.ui.ux3"
	id="${id}"
	busy="false"
	busyIndicatorDelay="1000"
	visible="true"
	fieldGroupIds=""
	floating="true"
	name="Name of this View"
	icon=""
	iconHovered=""
	iconSelected=""
	responsive="false"
	itemMinWidth="0"
	initialItemCount="0"
	reloadItemCount="0"
	scrollArea=""
	height=""
	validateFieldGroup="">
		<tooltip></tooltip> <!-- sap.ui.core.TooltipBase -->
		<dependents></dependents> <!-- sap.ui.core.Control, since 1.19 -->
		<template></template> <!-- sap.ui.core.Control -->
</DataSetSimpleView>
]]></xmlTemplate>
</Template>
<Template name="sap.ui.ux3.Exact" alias="Exact">
	<jsTemplate><![CDATA[new sap.ui.ux3.Exact({
	id: "${id}", // sap.ui.core.ID
	busy: false, // boolean
	busyIndicatorDelay: 1000, // int
	visible: true, // boolean
	fieldGroupIds: [], // string[], since 1.31
	resultText: undefined, // string
	tooltip: undefined, // sap.ui.core.TooltipBase
	customData: [], // sap.ui.core.CustomData
	dependents: [], // sap.ui.core.Control, since 1.19
	settingsMenu: undefined, // sap.ui.commons.Menu
	attributes: [], // sap.ui.ux3.ExactAttribute
	validateFieldGroup: [function (oEvent) {
		var ${control} = oEvent.getSource();
	}, this],
	search: [function (oEvent) {
		var ${control} = oEvent.getSource();
	}, this],
	refineSearch: [function (oEvent) {
		var ${control} = oEvent.getSource();
	}, this]
})
]]></jsTemplate>
	<xmlTemplate><![CDATA[<Exact xmlns="sap.ui.ux3"
	id="${id}"
	busy="false"
	busyIndicatorDelay="1000"
	visible="true"
	fieldGroupIds=""
	resultText=""
	validateFieldGroup=""
	search=""
	refineSearch="">
		<tooltip></tooltip> <!-- sap.ui.core.TooltipBase -->
		<dependents></dependents> <!-- sap.ui.core.Control, since 1.19 -->
		<settingsMenu></settingsMenu> <!-- sap.ui.commons.Menu -->
		<attributes></attributes> <!-- sap.ui.ux3.ExactAttribute -->
</Exact>
]]></xmlTemplate>
</Template>
<Template name="sap.ui.ux3.ExactArea" alias="ExactArea,Area">
	<jsTemplate><![CDATA[new sap.ui.ux3.ExactArea({
	id: "${id}", // sap.ui.core.ID
	busy: false, // boolean
	busyIndicatorDelay: 1000, // int
	visible: true, // boolean
	fieldGroupIds: [], // string[], since 1.31
	toolbarVisible: true, // boolean
	tooltip: undefined, // sap.ui.core.TooltipBase
	customData: [], // sap.ui.core.CustomData
	dependents: [], // sap.ui.core.Control, since 1.19
	content: [], // sap.ui.core.Control
	toolbarItems: [], // sap.ui.commons.ToolbarItem
	validateFieldGroup: [function (oEvent) {
		var ${control} = oEvent.getSource();
	}, this]
})
]]></jsTemplate>
	<xmlTemplate><![CDATA[<ExactArea xmlns="sap.ui.ux3"
	id="${id}"
	busy="false"
	busyIndicatorDelay="1000"
	visible="true"
	fieldGroupIds=""
	toolbarVisible="true"
	validateFieldGroup="">
		<tooltip></tooltip> <!-- sap.ui.core.TooltipBase -->
		<dependents></dependents> <!-- sap.ui.core.Control, since 1.19 -->
		<content></content> <!-- sap.ui.core.Control -->
		<toolbarItems></toolbarItems> <!-- sap.ui.commons.ToolbarItem -->
</ExactArea>
]]></xmlTemplate>
</Template>
<Template name="sap.ui.ux3.ExactAttribute" alias="ExactAttribute,Attribute">
	<jsTemplate><![CDATA[new sap.ui.ux3.ExactAttribute({
	id: "${id}", // sap.ui.core.ID
	text: undefined, // string
	selected: undefined, // boolean
	width: 168, // int, since 1.7.0
	listOrder: sap.ui.ux3.ExactOrder.Select, // sap.ui.ux3.ExactOrder, since 1.7.1
	showSubAttributesIndicator: true, // boolean
	additionalData: undefined, // object
	supplyActive: true, // boolean
	autoActivateSupply: false, // boolean
	tooltip: undefined, // sap.ui.core.TooltipBase
	customData: [], // sap.ui.core.CustomData
	dependents: [], // sap.ui.core.Control, since 1.19
	attributes: [], // sap.ui.ux3.ExactAttribute
	supplyAttributes: [function (oEvent) {
		var ${control} = oEvent.getSource();
	}, this]
})
]]></jsTemplate>
	<xmlTemplate><![CDATA[<ExactAttribute xmlns="sap.ui.ux3"
	id="${id}"
	text=""
	selected=""
	width="168"
	listOrder="Select"
	showSubAttributesIndicator="true"
	additionalData=""
	supplyActive="true"
	autoActivateSupply="false"
	supplyAttributes="">
		<tooltip></tooltip> <!-- sap.ui.core.TooltipBase -->
		<dependents></dependents> <!-- sap.ui.core.Control, since 1.19 -->
		<attributes></attributes> <!-- sap.ui.ux3.ExactAttribute -->
</ExactAttribute>
]]></xmlTemplate>
</Template>
<Template name="sap.ui.ux3.ExactBrowser" alias="ExactBrowser,Browser">
	<jsTemplate><![CDATA[new sap.ui.ux3.ExactBrowser({
	id: "${id}", // sap.ui.core.ID
	busy: false, // boolean
	busyIndicatorDelay: 1000, // int
	visible: true, // boolean
	fieldGroupIds: [], // string[], since 1.31
	title: undefined, // string
	headerTitle: undefined, // string
	topListOrder: sap.ui.ux3.ExactOrder.Select, // sap.ui.ux3.ExactOrder, since 1.7.1
	enableListClose: false, // boolean
	listHeight: 290, // int
	showHeader: false, // boolean
	showTopList: true, // boolean, since 1.7.0
	enableReset: true, // boolean
	enableSave: false, // boolean, since 1.9.2
	topListWidth: 168, // int, since 1.7.0
	tooltip: undefined, // sap.ui.core.TooltipBase
	customData: [], // sap.ui.core.CustomData
	dependents: [], // sap.ui.core.Control, since 1.19
	attributes: [], // sap.ui.ux3.ExactAttribute
	optionsMenu: undefined, // sap.ui.commons.Menu
	followUpControl: undefined, // sap.ui.core.Control
	validateFieldGroup: [function (oEvent) {
		var ${control} = oEvent.getSource();
	}, this],
	attributeSelected: [function (oEvent) {
		var ${control} = oEvent.getSource();
	}, this],
	save: [function (oEvent) {
		var ${control} = oEvent.getSource();
	}, this]
})
]]></jsTemplate>
	<xmlTemplate><![CDATA[<ExactBrowser xmlns="sap.ui.ux3"
	id="${id}"
	busy="false"
	busyIndicatorDelay="1000"
	visible="true"
	fieldGroupIds=""
	title=""
	headerTitle=""
	topListOrder="Select"
	enableListClose="false"
	listHeight="290"
	showHeader="false"
	showTopList="true"
	enableReset="true"
	enableSave="false"
	topListWidth="168"
	followUpControl=""
	validateFieldGroup=""
	attributeSelected=""
	save="">
		<tooltip></tooltip> <!-- sap.ui.core.TooltipBase -->
		<dependents></dependents> <!-- sap.ui.core.Control, since 1.19 -->
		<attributes></attributes> <!-- sap.ui.ux3.ExactAttribute -->
		<optionsMenu></optionsMenu> <!-- sap.ui.commons.Menu -->
</ExactBrowser>
]]></xmlTemplate>
</Template>
<Template name="sap.ui.ux3.ExactList" alias="ExactList,List">
	<jsTemplate><![CDATA[new sap.ui.ux3.ExactList({
	id: "${id}", // sap.ui.core.ID
	busy: false, // boolean
	busyIndicatorDelay: 1000, // int
	visible: true, // boolean
	fieldGroupIds: [], // string[], since 1.31
	showClose: false, // boolean
	topTitle: undefined, // string
	topHeight: 290, // int
	tooltip: undefined, // sap.ui.core.TooltipBase
	customData: [], // sap.ui.core.CustomData
	dependents: [], // sap.ui.core.Control, since 1.19
	subLists: [], // sap.ui.ux3.ExactList
	data: undefined, // sap.ui.ux3.ExactAttribute
	validateFieldGroup: [function (oEvent) {
		var ${control} = oEvent.getSource();
	}, this],
	attributeSelected: [function (oEvent) {
		var ${control} = oEvent.getSource();
	}, this]
})
]]></jsTemplate>
	<xmlTemplate><![CDATA[<ExactList xmlns="sap.ui.ux3"
	id="${id}"
	busy="false"
	busyIndicatorDelay="1000"
	visible="true"
	fieldGroupIds=""
	showClose="false"
	topTitle=""
	topHeight="290"
	data=""
	validateFieldGroup=""
	attributeSelected="">
		<tooltip></tooltip> <!-- sap.ui.core.TooltipBase -->
		<dependents></dependents> <!-- sap.ui.core.Control, since 1.19 -->
		<subLists></subLists> <!-- sap.ui.ux3.ExactList -->
</ExactList>
]]></xmlTemplate>
</Template>
<Template name="sap.ui.ux3.FacetFilter" alias="FacetFilter,Filter">
	<jsTemplate><![CDATA[new sap.ui.ux3.FacetFilter({
	id: "${id}", // sap.ui.core.ID
	busy: false, // boolean
	busyIndicatorDelay: 1000, // int
	visible: true, // boolean
	fieldGroupIds: [], // string[], since 1.31
	visibleItemCountMode: sap.ui.ux3.VisibleItemCountMode.Fixed, // sap.ui.ux3.VisibleItemCountMode
	tooltip: undefined, // sap.ui.core.TooltipBase
	customData: [], // sap.ui.core.CustomData
	dependents: [], // sap.ui.core.Control, since 1.19
	lists: [], // sap.ui.ux3.FacetFilterList
	validateFieldGroup: [function (oEvent) {
		var ${control} = oEvent.getSource();
	}, this]
})
]]></jsTemplate>
	<xmlTemplate><![CDATA[<FacetFilter xmlns="sap.ui.ux3"
	id="${id}"
	busy="false"
	busyIndicatorDelay="1000"
	visible="true"
	fieldGroupIds=""
	visibleItemCountMode="Fixed"
	validateFieldGroup="">
		<tooltip></tooltip> <!-- sap.ui.core.TooltipBase -->
		<dependents></dependents> <!-- sap.ui.core.Control, since 1.19 -->
		<lists></lists> <!-- sap.ui.ux3.FacetFilterList -->
</FacetFilter>
]]></xmlTemplate>
</Template>
<Template name="sap.ui.ux3.FacetFilterList" alias="FacetFilterList,List">
	<jsTemplate><![CDATA[new sap.ui.ux3.FacetFilterList({
	id: "${id}", // sap.ui.core.ID
	busy: false, // boolean
	busyIndicatorDelay: 1000, // int
	visible: true, // boolean
	fieldGroupIds: [], // string[], since 1.31
	title: undefined, // string
	multiSelect: true, // boolean
	displaySecondaryValues: false, // boolean, since 1.9.0
	selectedKeys: undefined, // string[]
	showCounter: true, // boolean
	tooltip: undefined, // sap.ui.core.TooltipBase
	customData: [], // sap.ui.core.CustomData
	dependents: [], // sap.ui.core.Control, since 1.19
	items: [], // sap.ui.core.ListItem
	validateFieldGroup: [function (oEvent) {
		var ${control} = oEvent.getSource();
	}, this],
	select: [function (oEvent) {
		var ${control} = oEvent.getSource();
	}, this]
})
]]></jsTemplate>
	<xmlTemplate><![CDATA[<FacetFilterList xmlns="sap.ui.ux3"
	id="${id}"
	busy="false"
	busyIndicatorDelay="1000"
	visible="true"
	fieldGroupIds=""
	title=""
	multiSelect="true"
	displaySecondaryValues="false"
	selectedKeys=""
	showCounter="true"
	validateFieldGroup=""
	select="">
		<tooltip></tooltip> <!-- sap.ui.core.TooltipBase -->
		<dependents></dependents> <!-- sap.ui.core.Control, since 1.19 -->
		<items></items> <!-- sap.ui.core.ListItem -->
</FacetFilterList>
]]></xmlTemplate>
</Template>
<Template name="sap.ui.ux3.Feed" alias="Feed">
	<jsTemplate><![CDATA[new sap.ui.ux3.Feed({
	id: "${id}", // sap.ui.core.ID
	busy: false, // boolean
	busyIndicatorDelay: 1000, // int
	visible: true, // boolean
	fieldGroupIds: [], // string[], since 1.31
	feederThumbnailSrc: undefined, // sap.ui.core.URI
	feederSender: undefined, // string
	live: true, // boolean
	title: undefined, // string
	tooltip: undefined, // sap.ui.core.TooltipBase
	customData: [], // sap.ui.core.CustomData
	dependents: [], // sap.ui.core.Control, since 1.19
	filterItems: [], // sap.ui.core.ListItem
	chunks: [], // sap.ui.ux3.FeedChunk
	toolsMenuItems: [], // sap.ui.commons.MenuItem
	validateFieldGroup: [function (oEvent) {
		var ${control} = oEvent.getSource();
	}, this],
	filterChange: [function (oEvent) {
		var ${control} = oEvent.getSource();
	}, this],
	search: [function (oEvent) {
		var ${control} = oEvent.getSource();
	}, this],
	chunkAdded: [function (oEvent) {
		var ${control} = oEvent.getSource();
	}, this],
	toolsItemSelected: [function (oEvent) {
		var ${control} = oEvent.getSource();
	}, this],
	toggleLive: [function (oEvent) {
		var ${control} = oEvent.getSource();
	}, this]
})
]]></jsTemplate>
	<xmlTemplate><![CDATA[<Feed xmlns="sap.ui.ux3"
	id="${id}"
	busy="false"
	busyIndicatorDelay="1000"
	visible="true"
	fieldGroupIds=""
	feederThumbnailSrc=""
	feederSender=""
	live="true"
	title=""
	validateFieldGroup=""
	filterChange=""
	search=""
	chunkAdded=""
	toolsItemSelected=""
	toggleLive="">
		<tooltip></tooltip> <!-- sap.ui.core.TooltipBase -->
		<dependents></dependents> <!-- sap.ui.core.Control, since 1.19 -->
		<filterItems></filterItems> <!-- sap.ui.core.ListItem -->
		<chunks></chunks> <!-- sap.ui.ux3.FeedChunk -->
		<toolsMenuItems></toolsMenuItems> <!-- sap.ui.commons.MenuItem -->
</Feed>
]]></xmlTemplate>
</Template>
<Template name="sap.ui.ux3.FeedChunk" alias="FeedChunk,Chunk">
	<jsTemplate><![CDATA[new sap.ui.ux3.FeedChunk({
	id: "${id}", // sap.ui.core.ID
	busy: false, // boolean
	busyIndicatorDelay: 1000, // int
	visible: true, // boolean
	fieldGroupIds: [], // string[], since 1.31
	thumbnailSrc: undefined, // sap.ui.core.URI
	text: undefined, // string
	sender: undefined, // string
	timestamp: undefined, // string
	deletionAllowed: false, // boolean
	commentChunk: false, // boolean
	feederThumbnailSrc: undefined, // sap.ui.core.URI
	feederSender: undefined, // string
	flagged: false, // boolean
	favorite: undefined, // boolean
	shared: false, // boolean
	enableFlag: true, // boolean
	enableShare: true, // boolean
	enableComment: true, // boolean
	enableInspect: true, // boolean
	enableFavorite: true, // boolean
	tooltip: undefined, // sap.ui.core.TooltipBase
	customData: [], // sap.ui.core.CustomData
	dependents: [], // sap.ui.core.Control, since 1.19
	comments: [], // sap.ui.ux3.FeedChunk
	actionMenuItems: [], // sap.ui.commons.MenuItem
	validateFieldGroup: [function (oEvent) {
		var ${control} = oEvent.getSource();
	}, this],
	deleted: [function (oEvent) {
		var ${control} = oEvent.getSource();
	}, this],
	commentAdded: [function (oEvent) {
		var ${control} = oEvent.getSource();
	}, this],
	toggleFlagged: [function (oEvent) {
		var ${control} = oEvent.getSource();
	}, this],
	senderClicked: [function (oEvent) {
		var ${control} = oEvent.getSource();
	}, this],
	referenceClicked: [function (oEvent) {
		var ${control} = oEvent.getSource();
	}, this],
	toggleFavorite: [function (oEvent) {
		var ${control} = oEvent.getSource();
	}, this],
	inspect: [function (oEvent) {
		var ${control} = oEvent.getSource();
	}, this],
	toggleShared: [function (oEvent) {
		var ${control} = oEvent.getSource();
	}, this],
	actionItemSelected: [function (oEvent) {
		var ${control} = oEvent.getSource();
	}, this]
})
]]></jsTemplate>
	<xmlTemplate><![CDATA[<FeedChunk xmlns="sap.ui.ux3"
	id="${id}"
	busy="false"
	busyIndicatorDelay="1000"
	visible="true"
	fieldGroupIds=""
	thumbnailSrc=""
	text=""
	sender=""
	timestamp=""
	deletionAllowed="false"
	commentChunk="false"
	feederThumbnailSrc=""
	feederSender=""
	flagged="false"
	favorite=""
	shared="false"
	enableFlag="true"
	enableShare="true"
	enableComment="true"
	enableInspect="true"
	enableFavorite="true"
	validateFieldGroup=""
	deleted=""
	commentAdded=""
	toggleFlagged=""
	senderClicked=""
	referenceClicked=""
	toggleFavorite=""
	inspect=""
	toggleShared=""
	actionItemSelected="">
		<tooltip></tooltip> <!-- sap.ui.core.TooltipBase -->
		<dependents></dependents> <!-- sap.ui.core.Control, since 1.19 -->
		<comments></comments> <!-- sap.ui.ux3.FeedChunk -->
		<actionMenuItems></actionMenuItems> <!-- sap.ui.commons.MenuItem -->
</FeedChunk>
]]></xmlTemplate>
</Template>
<Template name="sap.ui.ux3.Feeder" alias="Feeder">
	<jsTemplate><![CDATA[new sap.ui.ux3.Feeder({
	id: "${id}", // sap.ui.core.ID
	busy: false, // boolean
	busyIndicatorDelay: 1000, // int
	visible: true, // boolean
	fieldGroupIds: [], // string[], since 1.31
	thumbnailSrc: undefined, // sap.ui.core.URI
	text: undefined, // string
	type: sap.ui.ux3.FeederType.Large, // sap.ui.ux3.FeederType
	placeholderText: undefined, // string
	tooltip: undefined, // sap.ui.core.TooltipBase
	customData: [], // sap.ui.core.CustomData
	dependents: [], // sap.ui.core.Control, since 1.19
	validateFieldGroup: [function (oEvent) {
		var ${control} = oEvent.getSource();
	}, this],
	submit: [function (oEvent) {
		var ${control} = oEvent.getSource();
	}, this]
})
]]></jsTemplate>
	<xmlTemplate><![CDATA[<Feeder xmlns="sap.ui.ux3"
	id="${id}"
	busy="false"
	busyIndicatorDelay="1000"
	visible="true"
	fieldGroupIds=""
	thumbnailSrc=""
	text=""
	type="Large"
	placeholderText=""
	validateFieldGroup=""
	submit="">
		<tooltip></tooltip> <!-- sap.ui.core.TooltipBase -->
		<dependents></dependents> <!-- sap.ui.core.Control, since 1.19 -->
</Feeder>
]]></xmlTemplate>
</Template>
<Template name="sap.ui.ux3.NavigationBar" alias="NavigationBar,Bar">
	<jsTemplate><![CDATA[new sap.ui.ux3.NavigationBar({
	id: "${id}", // sap.ui.core.ID
	busy: false, // boolean
	busyIndicatorDelay: 1000, // int
	visible: true, // boolean
	fieldGroupIds: [], // string[], since 1.31
	toplevelVariant: false, // boolean
	overflowItemsToUpperCase: false, // boolean, since 1.36
	tooltip: undefined, // sap.ui.core.TooltipBase
	customData: [], // sap.ui.core.CustomData
	dependents: [], // sap.ui.core.Control, since 1.19
	items: [], // sap.ui.ux3.NavigationItem
	selectedItem: undefined, // sap.ui.ux3.NavigationItem
	associatedItems: [], // sap.ui.ux3.NavigationItem
	validateFieldGroup: [function (oEvent) {
		var ${control} = oEvent.getSource();
	}, this],
	select: [function (oEvent) {
		var ${control} = oEvent.getSource();
	}, this]
})
]]></jsTemplate>
	<xmlTemplate><![CDATA[<NavigationBar xmlns="sap.ui.ux3"
	id="${id}"
	busy="false"
	busyIndicatorDelay="1000"
	visible="true"
	fieldGroupIds=""
	toplevelVariant="false"
	overflowItemsToUpperCase="false"
	selectedItem=""
	associatedItems=""
	validateFieldGroup=""
	select="">
		<tooltip></tooltip> <!-- sap.ui.core.TooltipBase -->
		<dependents></dependents> <!-- sap.ui.core.Control, since 1.19 -->
		<items></items> <!-- sap.ui.ux3.NavigationItem -->
</NavigationBar>
]]></xmlTemplate>
</Template>
<Template name="sap.ui.ux3.NavigationItem" alias="NavigationItem,Item">
	<jsTemplate><![CDATA[new sap.ui.ux3.NavigationItem({
	id: "${id}", // sap.ui.core.ID
	text: "", // string
	enabled: true, // boolean
	textDirection: sap.ui.core.TextDirection.Inherit, // sap.ui.core.TextDirection
	key: undefined, // string
	visible: true, // boolean, since 1.9.0
	href: undefined, // sap.ui.core.URI
	tooltip: undefined, // sap.ui.core.TooltipBase
	customData: [], // sap.ui.core.CustomData
	dependents: [], // sap.ui.core.Control, since 1.19
	subItems: [] // sap.ui.ux3.NavigationItem
})
]]></jsTemplate>
	<xmlTemplate><![CDATA[<NavigationItem xmlns="sap.ui.ux3"
	id="${id}"
	text=""
	enabled="true"
	textDirection="Inherit"
	key=""
	visible="true"
	href="">
		<tooltip></tooltip> <!-- sap.ui.core.TooltipBase -->
		<dependents></dependents> <!-- sap.ui.core.Control, since 1.19 -->
		<subItems></subItems> <!-- sap.ui.ux3.NavigationItem -->
</NavigationItem>
]]></xmlTemplate>
</Template>
<Template name="sap.ui.ux3.NotificationBar" alias="NotificationBar,Bar">
	<jsTemplate><![CDATA[new sap.ui.ux3.NotificationBar({
	id: "${id}", // sap.ui.core.ID
	busy: false, // boolean
	busyIndicatorDelay: 1000, // int
	visible: true, // boolean
	fieldGroupIds: [], // string[], since 1.31
	visibleStatus: sap.ui.ux3.NotificationBarStatus.Default, // sap.ui.ux3.NotificationBarStatus
	resizeEnabled: true, // boolean
	alwaysShowToggler: false, // boolean
	tooltip: undefined, // sap.ui.core.TooltipBase
	customData: [], // sap.ui.core.CustomData
	dependents: [], // sap.ui.core.Control, since 1.19
	messageNotifier: undefined, // sap.ui.core.Element
	notifiers: [], // sap.ui.core.Element
	validateFieldGroup: [function (oEvent) {
		var ${control} = oEvent.getSource();
	}, this],
	display: [function (oEvent) {
		var ${control} = oEvent.getSource();
	}, this],
	resize: [function (oEvent) {
		var ${control} = oEvent.getSource();
	}, this] // since 1.12.2
})
]]></jsTemplate>
	<xmlTemplate><![CDATA[<NotificationBar xmlns="sap.ui.ux3"
	id="${id}"
	busy="false"
	busyIndicatorDelay="1000"
	visible="true"
	fieldGroupIds=""
	visibleStatus="Default"
	resizeEnabled="true"
	alwaysShowToggler="false"
	validateFieldGroup=""
	display=""
	resize="">
		<tooltip></tooltip> <!-- sap.ui.core.TooltipBase -->
		<dependents></dependents> <!-- sap.ui.core.Control, since 1.19 -->
		<messageNotifier></messageNotifier> <!-- sap.ui.core.Element -->
		<notifiers></notifiers> <!-- sap.ui.core.Element -->
</NotificationBar>
]]></xmlTemplate>
</Template>
<Template name="sap.ui.ux3.Notifier" alias="Notifier">
	<jsTemplate><![CDATA[new sap.ui.ux3.Notifier({
	id: "${id}", // sap.ui.core.ID
	icon: undefined, // sap.ui.core.URI
	title: undefined, // string
	tooltip: undefined, // sap.ui.core.TooltipBase
	customData: [], // sap.ui.core.CustomData
	dependents: [], // sap.ui.core.Control, since 1.19
	messages: [], // sap.ui.core.Message
	messageSelected: [function (oEvent) {
		var ${control} = oEvent.getSource();
	}, this]
})
]]></jsTemplate>
	<xmlTemplate><![CDATA[<Notifier xmlns="sap.ui.ux3"
	id="${id}"
	icon=""
	title=""
	messageSelected="">
		<tooltip></tooltip> <!-- sap.ui.core.TooltipBase -->
		<dependents></dependents> <!-- sap.ui.core.Control, since 1.19 -->
		<messages></messages> <!-- sap.ui.core.Message -->
</Notifier>
]]></xmlTemplate>
</Template>
<Template name="sap.ui.ux3.Overlay" alias="Overlay">
	<jsTemplate><![CDATA[new sap.ui.ux3.Overlay({
	id: "${id}", // sap.ui.core.ID
	busy: false, // boolean
	busyIndicatorDelay: 1000, // int
	visible: true, // boolean
	fieldGroupIds: [], // string[], since 1.31
	openButtonVisible: true, // boolean
	closeButtonVisible: true, // boolean
	tooltip: undefined, // sap.ui.core.TooltipBase
	customData: [], // sap.ui.core.CustomData
	dependents: [], // sap.ui.core.Control, since 1.19
	validateFieldGroup: [function (oEvent) {
		var ${control} = oEvent.getSource();
	}, this],
	close: [function (oEvent) {
		var ${control} = oEvent.getSource();
	}, this],
	closed: [function (oEvent) {
		var ${control} = oEvent.getSource();
	}, this],
	openNew: [function (oEvent) {
		var ${control} = oEvent.getSource();
	}, this],
	open: [function (oEvent) {
		var ${control} = oEvent.getSource();
	}, this]
})
]]></jsTemplate>
	<xmlTemplate><![CDATA[<Overlay xmlns="sap.ui.ux3"
	id="${id}"
	busy="false"
	busyIndicatorDelay="1000"
	visible="true"
	fieldGroupIds=""
	openButtonVisible="true"
	closeButtonVisible="true"
	validateFieldGroup=""
	close=""
	closed=""
	openNew=""
	open="">
		<tooltip></tooltip> <!-- sap.ui.core.TooltipBase -->
		<dependents></dependents> <!-- sap.ui.core.Control, since 1.19 -->
</Overlay>
]]></xmlTemplate>
</Template>
<Template name="sap.ui.ux3.OverlayContainer" alias="OverlayContainer,Container">
	<jsTemplate><![CDATA[new sap.ui.ux3.OverlayContainer({
	id: "${id}", // sap.ui.core.ID
	busy: false, // boolean
	busyIndicatorDelay: 1000, // int
	visible: true, // boolean
	fieldGroupIds: [], // string[], since 1.31
	openButtonVisible: true, // boolean
	closeButtonVisible: true, // boolean
	tooltip: undefined, // sap.ui.core.TooltipBase
	customData: [], // sap.ui.core.CustomData
	dependents: [], // sap.ui.core.Control, since 1.19
	content: [], // sap.ui.core.Control
	validateFieldGroup: [function (oEvent) {
		var ${control} = oEvent.getSource();
	}, this],
	close: [function (oEvent) {
		var ${control} = oEvent.getSource();
	}, this],
	closed: [function (oEvent) {
		var ${control} = oEvent.getSource();
	}, this],
	openNew: [function (oEvent) {
		var ${control} = oEvent.getSource();
	}, this],
	open: [function (oEvent) {
		var ${control} = oEvent.getSource();
	}, this]
})
]]></jsTemplate>
	<xmlTemplate><![CDATA[<OverlayContainer xmlns="sap.ui.ux3"
	id="${id}"
	busy="false"
	busyIndicatorDelay="1000"
	visible="true"
	fieldGroupIds=""
	openButtonVisible="true"
	closeButtonVisible="true"
	validateFieldGroup=""
	close=""
	closed=""
	openNew=""
	open="">
		<tooltip></tooltip> <!-- sap.ui.core.TooltipBase -->
		<dependents></dependents> <!-- sap.ui.core.Control, since 1.19 -->
		<content></content> <!-- sap.ui.core.Control -->
</OverlayContainer>
]]></xmlTemplate>
</Template>
<Template name="sap.ui.ux3.OverlayDialog" alias="OverlayDialog,Dialog">
	<jsTemplate><![CDATA[new sap.ui.ux3.OverlayDialog({
	id: "${id}", // sap.ui.core.ID
	busy: false, // boolean
	busyIndicatorDelay: 1000, // int
	visible: true, // boolean
	fieldGroupIds: [], // string[], since 1.31
	openButtonVisible: true, // boolean
	closeButtonVisible: true, // boolean
	width: "auto", // sap.ui.core.CSSSize
	height: "auto", // sap.ui.core.CSSSize
	tooltip: undefined, // sap.ui.core.TooltipBase
	customData: [], // sap.ui.core.CustomData
	dependents: [], // sap.ui.core.Control, since 1.19
	content: [], // sap.ui.core.Control
	validateFieldGroup: [function (oEvent) {
		var ${control} = oEvent.getSource();
	}, this],
	close: [function (oEvent) {
		var ${control} = oEvent.getSource();
	}, this],
	closed: [function (oEvent) {
		var ${control} = oEvent.getSource();
	}, this],
	openNew: [function (oEvent) {
		var ${control} = oEvent.getSource();
	}, this],
	open: [function (oEvent) {
		var ${control} = oEvent.getSource();
	}, this]
})
]]></jsTemplate>
	<xmlTemplate><![CDATA[<OverlayDialog xmlns="sap.ui.ux3"
	id="${id}"
	busy="false"
	busyIndicatorDelay="1000"
	visible="true"
	fieldGroupIds=""
	openButtonVisible="true"
	closeButtonVisible="true"
	width="auto"
	height="auto"
	validateFieldGroup=""
	close=""
	closed=""
	openNew=""
	open="">
		<tooltip></tooltip> <!-- sap.ui.core.TooltipBase -->
		<dependents></dependents> <!-- sap.ui.core.Control, since 1.19 -->
		<content></content> <!-- sap.ui.core.Control -->
</OverlayDialog>
]]></xmlTemplate>
</Template>
<Template name="sap.ui.ux3.QuickView" alias="QuickView,View">
	<jsTemplate><![CDATA[new sap.ui.ux3.QuickView({
	id: "${id}", // sap.ui.core.ID
	busy: false, // boolean
	busyIndicatorDelay: 1000, // int
	visible: true, // boolean
	fieldGroupIds: [], // string[], since 1.31
	text: "", // string
	openDuration: 200, // int
	closeDuration: 200, // int
	myPosition: "begin top", // sap.ui.core.Dock
	atPosition: "begin bottom", // sap.ui.core.Dock
	offset: "10 3", // string
	collision: "flip", // sap.ui.core.Collision
	openDelay: 500, // int
	closeDelay: 100, // int
	type: undefined, // string
	firstTitle: undefined, // string
	firstTitleHref: undefined, // string
	secondTitle: undefined, // string
	icon: undefined, // sap.ui.core.URI
	width: undefined, // sap.ui.core.CSSSize
	showActionBar: true, // boolean
	followState: sap.ui.ux3.FollowActionState.Default, // sap.ui.ux3.FollowActionState
	flagState: false, // boolean
	favoriteState: false, // boolean
	favoriteActionEnabled: true, // boolean
	updateActionEnabled: true, // boolean
	followActionEnabled: true, // boolean
	flagActionEnabled: true, // boolean
	openActionEnabled: true, // boolean
	tooltip: undefined, // sap.ui.core.TooltipBase
	customData: [], // sap.ui.core.CustomData
	dependents: [], // sap.ui.core.Control, since 1.19
	content: [], // sap.ui.core.Element
	actions: [], // sap.ui.ux3.ThingAction
	actionBar: undefined, // sap.ui.ux3.ActionBar
	validateFieldGroup: [function (oEvent) {
		var ${control} = oEvent.getSource();
	}, this],
	closed: [function (oEvent) {
		var ${control} = oEvent.getSource();
	}, this], // since 1.11.0
	open: [function (oEvent) {
		var ${control} = oEvent.getSource();
	}, this],
	close: [function (oEvent) {
		var ${control} = oEvent.getSource();
	}, this],
	beforeOpen: [function (oEvent) {
		var ${control} = oEvent.getSource();
	}, this],
	opened: [function (oEvent) {
		var ${control} = oEvent.getSource();
	}, this], // since 1.11.0
	actionSelected: [function (oEvent) {
		var ${control} = oEvent.getSource();
	}, this],
	feedSubmit: [function (oEvent) {
		var ${control} = oEvent.getSource();
	}, this],
	navigate: [function (oEvent) {
		var ${control} = oEvent.getSource();
	}, this]
})
]]></jsTemplate>
	<xmlTemplate><![CDATA[<QuickView xmlns="sap.ui.ux3"
	id="${id}"
	busy="false"
	busyIndicatorDelay="1000"
	visible="true"
	fieldGroupIds=""
	text=""
	openDuration="200"
	closeDuration="200"
	myPosition="begin top"
	atPosition="begin bottom"
	offset="10 3"
	collision="flip"
	openDelay="500"
	closeDelay="100"
	type=""
	firstTitle=""
	firstTitleHref=""
	secondTitle=""
	icon=""
	width=""
	showActionBar="true"
	followState="Default"
	flagState="false"
	favoriteState="false"
	favoriteActionEnabled="true"
	updateActionEnabled="true"
	followActionEnabled="true"
	flagActionEnabled="true"
	openActionEnabled="true"
	validateFieldGroup=""
	closed=""
	open=""
	close=""
	beforeOpen=""
	opened=""
	actionSelected=""
	feedSubmit=""
	navigate="">
		<tooltip></tooltip> <!-- sap.ui.core.TooltipBase -->
		<dependents></dependents> <!-- sap.ui.core.Control, since 1.19 -->
		<content></content> <!-- sap.ui.core.Element -->
		<actions></actions> <!-- sap.ui.ux3.ThingAction -->
		<actionBar></actionBar> <!-- sap.ui.ux3.ActionBar -->
</QuickView>
]]></xmlTemplate>
</Template>
<Template name="sap.ui.ux3.Shell" alias="Shell">
	<jsTemplate><![CDATA[new sap.ui.ux3.Shell({
	id: "${id}", // sap.ui.core.ID
	busy: false, // boolean
	busyIndicatorDelay: 1000, // int
	visible: true, // boolean
	fieldGroupIds: [], // string[], since 1.31
	appTitle: undefined, // string
	appIcon: undefined, // sap.ui.core.URI
	appIconTooltip: undefined, // string
	showLogoutButton: true, // boolean
	logoutButtonTooltip: undefined, // string, since 1.9.0
	showSearchTool: true, // boolean
	showInspectorTool: false, // boolean
	showFeederTool: true, // boolean
	showTools: true, // boolean
	showPane: true, // boolean
	headerType: sap.ui.ux3.ShellHeaderType.Standard, // sap.ui.ux3.ShellHeaderType
	designType: sap.ui.ux3.ShellDesignType.Standard, // sap.ui.ux3.ShellDesignType, since 1.12.0
	paneWidth: 250, // int
	applyContentPadding: true, // boolean, since 1.9.0
	fullHeightContent: false, // boolean, since 1.9.0
	allowOverlayHeaderAccess: false, // boolean, since 1.14.0
	tooltip: undefined, // sap.ui.core.TooltipBase
	customData: [], // sap.ui.core.CustomData
	dependents: [], // sap.ui.core.Control, since 1.19
	worksetItems: [], // sap.ui.ux3.NavigationItem
	paneBarItems: [], // sap.ui.core.Item
	paneContent: [], // sap.ui.core.Control
	content: [], // sap.ui.core.Control
	toolPopups: [], // sap.ui.ux3.ToolPopup
	headerItems: [], // sap.ui.core.Control
	notificationBar: undefined, // sap.ui.ux3.NotificationBar, since 1.7.0
	selectedWorksetItem: undefined, // sap.ui.ux3.NavigationItem
	validateFieldGroup: [function (oEvent) {
		var ${control} = oEvent.getSource();
	}, this],
	worksetItemSelected: [function (oEvent) {
		var ${control} = oEvent.getSource();
	}, this],
	paneBarItemSelected: [function (oEvent) {
		var ${control} = oEvent.getSource();
	}, this],
	logout: [function (oEvent) {
		var ${control} = oEvent.getSource();
	}, this],
	search: [function (oEvent) {
		var ${control} = oEvent.getSource();
	}, this],
	feedSubmit: [function (oEvent) {
		var ${control} = oEvent.getSource();
	}, this],
	paneClosed: [function (oEvent) {
		var ${control} = oEvent.getSource();
	}, this] // since 1.12.0
})
]]></jsTemplate>
	<xmlTemplate><![CDATA[<Shell xmlns="sap.ui.ux3"
	id="${id}"
	busy="false"
	busyIndicatorDelay="1000"
	visible="true"
	fieldGroupIds=""
	appTitle=""
	appIcon=""
	appIconTooltip=""
	showLogoutButton="true"
	logoutButtonTooltip=""
	showSearchTool="true"
	showInspectorTool="false"
	showFeederTool="true"
	showTools="true"
	showPane="true"
	headerType="Standard"
	designType="Standard"
	paneWidth="250"
	applyContentPadding="true"
	fullHeightContent="false"
	allowOverlayHeaderAccess="false"
	selectedWorksetItem=""
	validateFieldGroup=""
	worksetItemSelected=""
	paneBarItemSelected=""
	logout=""
	search=""
	feedSubmit=""
	paneClosed="">
		<tooltip></tooltip> <!-- sap.ui.core.TooltipBase -->
		<dependents></dependents> <!-- sap.ui.core.Control, since 1.19 -->
		<worksetItems></worksetItems> <!-- sap.ui.ux3.NavigationItem -->
		<paneBarItems></paneBarItems> <!-- sap.ui.core.Item -->
		<paneContent></paneContent> <!-- sap.ui.core.Control -->
		<content></content> <!-- sap.ui.core.Control -->
		<toolPopups></toolPopups> <!-- sap.ui.ux3.ToolPopup -->
		<headerItems></headerItems> <!-- sap.ui.core.Control -->
		<notificationBar></notificationBar> <!-- sap.ui.ux3.NotificationBar, since 1.7.0 -->
</Shell>
]]></xmlTemplate>
</Template>
<Template name="sap.ui.ux3.ThingAction" alias="ThingAction,Action">
	<jsTemplate><![CDATA[new sap.ui.ux3.ThingAction({
	id: "${id}", // sap.ui.core.ID
	text: undefined, // string
	enabled: true, // boolean
	tooltip: undefined, // sap.ui.core.TooltipBase
	customData: [], // sap.ui.core.CustomData
	dependents: [], // sap.ui.core.Control, since 1.19
	select: [function (oEvent) {
		var ${control} = oEvent.getSource();
	}, this]
})
]]></jsTemplate>
	<xmlTemplate><![CDATA[<ThingAction xmlns="sap.ui.ux3"
	id="${id}"
	text=""
	enabled="true"
	select="">
		<tooltip></tooltip> <!-- sap.ui.core.TooltipBase -->
		<dependents></dependents> <!-- sap.ui.core.Control, since 1.19 -->
</ThingAction>
]]></xmlTemplate>
</Template>
<Template name="sap.ui.ux3.ThingGroup" alias="ThingGroup,Group">
	<jsTemplate><![CDATA[new sap.ui.ux3.ThingGroup({
	id: "${id}", // sap.ui.core.ID
	title: undefined, // string
	colspan: false, // boolean
	tooltip: undefined, // sap.ui.core.TooltipBase
	customData: [], // sap.ui.core.CustomData
	dependents: [], // sap.ui.core.Control, since 1.19
	content: [], // sap.ui.core.Control
	actions: [] // sap.ui.ux3.ThingGroup
})
]]></jsTemplate>
	<xmlTemplate><![CDATA[<ThingGroup xmlns="sap.ui.ux3"
	id="${id}"
	title=""
	colspan="false">
		<tooltip></tooltip> <!-- sap.ui.core.TooltipBase -->
		<dependents></dependents> <!-- sap.ui.core.Control, since 1.19 -->
		<content></content> <!-- sap.ui.core.Control -->
		<actions></actions> <!-- sap.ui.ux3.ThingGroup -->
</ThingGroup>
]]></xmlTemplate>
</Template>
<Template name="sap.ui.ux3.ThingInspector" alias="ThingInspector,Inspector">
	<jsTemplate><![CDATA[new sap.ui.ux3.ThingInspector({
	id: "${id}", // sap.ui.core.ID
	busy: false, // boolean
	busyIndicatorDelay: 1000, // int
	visible: true, // boolean
	fieldGroupIds: [], // string[], since 1.31
	openButtonVisible: true, // boolean
	closeButtonVisible: true, // boolean
	firstTitle: undefined, // string
	type: undefined, // string
	icon: undefined, // sap.ui.core.URI
	secondTitle: undefined, // string
	followState: sap.ui.ux3.FollowActionState.Default, // sap.ui.ux3.FollowActionState
	flagState: false, // boolean
	favoriteState: false, // boolean
	favoriteActionEnabled: true, // boolean
	updateActionEnabled: true, // boolean
	followActionEnabled: true, // boolean
	flagActionEnabled: true, // boolean
	headerType: sap.ui.ux3.ThingViewerHeaderType.Standard, // sap.ui.ux3.ThingViewerHeaderType, since 1.16.3
	tooltip: undefined, // sap.ui.core.TooltipBase
	customData: [], // sap.ui.core.CustomData
	dependents: [], // sap.ui.core.Control, since 1.19
	actions: [], // sap.ui.ux3.ThingAction
	headerContent: [], // sap.ui.ux3.ThingGroup
	facets: [], // sap.ui.ux3.NavigationItem
	facetContent: [], // sap.ui.ux3.ThingGroup
	actionBar: undefined, // sap.ui.ux3.ActionBar
	selectedFacet: undefined, // sap.ui.ux3.NavigationItem
	validateFieldGroup: [function (oEvent) {
		var ${control} = oEvent.getSource();
	}, this],
	close: [function (oEvent) {
		var ${control} = oEvent.getSource();
	}, this],
	closed: [function (oEvent) {
		var ${control} = oEvent.getSource();
	}, this],
	openNew: [function (oEvent) {
		var ${control} = oEvent.getSource();
	}, this],
	open: [function (oEvent) {
		var ${control} = oEvent.getSource();
	}, this],
	actionSelected: [function (oEvent) {
		var ${control} = oEvent.getSource();
	}, this],
	facetSelected: [function (oEvent) {
		var ${control} = oEvent.getSource();
	}, this],
	feedSubmit: [function (oEvent) {
		var ${control} = oEvent.getSource();
	}, this]
})
]]></jsTemplate>
	<xmlTemplate><![CDATA[<ThingInspector xmlns="sap.ui.ux3"
	id="${id}"
	busy="false"
	busyIndicatorDelay="1000"
	visible="true"
	fieldGroupIds=""
	openButtonVisible="true"
	closeButtonVisible="true"
	firstTitle=""
	type=""
	icon=""
	secondTitle=""
	followState="Default"
	flagState="false"
	favoriteState="false"
	favoriteActionEnabled="true"
	updateActionEnabled="true"
	followActionEnabled="true"
	flagActionEnabled="true"
	headerType="Standard"
	selectedFacet=""
	validateFieldGroup=""
	close=""
	closed=""
	openNew=""
	open=""
	actionSelected=""
	facetSelected=""
	feedSubmit="">
		<tooltip></tooltip> <!-- sap.ui.core.TooltipBase -->
		<dependents></dependents> <!-- sap.ui.core.Control, since 1.19 -->
		<actions></actions> <!-- sap.ui.ux3.ThingAction -->
		<headerContent></headerContent> <!-- sap.ui.ux3.ThingGroup -->
		<facets></facets> <!-- sap.ui.ux3.NavigationItem -->
		<facetContent></facetContent> <!-- sap.ui.ux3.ThingGroup -->
		<actionBar></actionBar> <!-- sap.ui.ux3.ActionBar -->
</ThingInspector>
]]></xmlTemplate>
</Template>
<Template name="sap.ui.ux3.ThingViewer" alias="ThingViewer,Viewer">
	<jsTemplate><![CDATA[new sap.ui.ux3.ThingViewer({
	id: "${id}", // sap.ui.core.ID
	busy: false, // boolean
	busyIndicatorDelay: 1000, // int
	visible: true, // boolean
	fieldGroupIds: [], // string[], since 1.31
	title: undefined, // string
	type: undefined, // string
	icon: undefined, // sap.ui.core.URI
	subtitle: undefined, // string
	width: "100%", // sap.ui.core.CSSSize
	height: "100%", // sap.ui.core.CSSSize
	headerType: sap.ui.ux3.ThingViewerHeaderType.Standard, // sap.ui.ux3.ThingViewerHeaderType, since 1.16.3
	tooltip: undefined, // sap.ui.core.TooltipBase
	customData: [], // sap.ui.core.CustomData
	dependents: [], // sap.ui.core.Control, since 1.19
	headerContent: [], // sap.ui.ux3.ThingGroup
	facets: [], // sap.ui.ux3.NavigationItem
	facetContent: [], // sap.ui.ux3.ThingGroup
	actionBar: undefined, // sap.ui.ux3.ActionBar
	selectedFacet: undefined, // sap.ui.ux3.NavigationItem
	validateFieldGroup: [function (oEvent) {
		var ${control} = oEvent.getSource();
	}, this],
	facetSelected: [function (oEvent) {
		var ${control} = oEvent.getSource();
	}, this]
})
]]></jsTemplate>
	<xmlTemplate><![CDATA[<ThingViewer xmlns="sap.ui.ux3"
	id="${id}"
	busy="false"
	busyIndicatorDelay="1000"
	visible="true"
	fieldGroupIds=""
	title=""
	type=""
	icon=""
	subtitle=""
	width="100%"
	height="100%"
	headerType="Standard"
	selectedFacet=""
	validateFieldGroup=""
	facetSelected="">
		<tooltip></tooltip> <!-- sap.ui.core.TooltipBase -->
		<dependents></dependents> <!-- sap.ui.core.Control, since 1.19 -->
		<headerContent></headerContent> <!-- sap.ui.ux3.ThingGroup -->
		<facets></facets> <!-- sap.ui.ux3.NavigationItem -->
		<facetContent></facetContent> <!-- sap.ui.ux3.ThingGroup -->
		<actionBar></actionBar> <!-- sap.ui.ux3.ActionBar -->
</ThingViewer>
]]></xmlTemplate>
</Template>
<Template name="sap.ui.ux3.ToolPopup" alias="ToolPopup,Popup">
	<jsTemplate><![CDATA[new sap.ui.ux3.ToolPopup({
	id: "${id}", // sap.ui.core.ID
	busy: false, // boolean
	busyIndicatorDelay: 1000, // int
	visible: true, // boolean
	fieldGroupIds: [], // string[], since 1.31
	title: undefined, // string
	icon: undefined, // sap.ui.core.URI
	iconHover: undefined, // sap.ui.core.URI
	iconSelected: undefined, // sap.ui.core.URI
	modal: false, // boolean
	inverted: true, // boolean, since 1.11.1
	autoClose: false, // boolean, since 1.13.2
	maxHeight: undefined, // sap.ui.core.CSSSize, since 1.13.2
	maxWidth: undefined, // sap.ui.core.CSSSize, since 1.15.0
	openDuration: 400, // int, since 1.19.0
	closeDuration: 400, // int, since 1.19.0
	tooltip: undefined, // sap.ui.core.TooltipBase
	customData: [], // sap.ui.core.CustomData
	dependents: [], // sap.ui.core.Control, since 1.19
	buttons: [], // sap.ui.core.Control
	content: [], // sap.ui.core.Control
	initialFocus: undefined, // sap.ui.core.Control
	opener: undefined, // sap.ui.core.Control
	defaultButton: undefined, // sap.ui.core.Control, since 1.20.1
	validateFieldGroup: [function (oEvent) {
		var ${control} = oEvent.getSource();
	}, this],
	open: [function (oEvent) {
		var ${control} = oEvent.getSource();
	}, this],
	close: [function (oEvent) {
		var ${control} = oEvent.getSource();
	}, this],
	enter: [function (oEvent) {
		var ${control} = oEvent.getSource();
	}, this],
	iconChanged: [function (oEvent) {
		var ${control} = oEvent.getSource();
	}, this],
	closed: [function (oEvent) {
		var ${control} = oEvent.getSource();
	}, this],
	opened: [function (oEvent) {
		var ${control} = oEvent.getSource();
	}, this] // since 1.19.0
})
]]></jsTemplate>
	<xmlTemplate><![CDATA[<ToolPopup xmlns="sap.ui.ux3"
	id="${id}"
	busy="false"
	busyIndicatorDelay="1000"
	visible="true"
	fieldGroupIds=""
	title=""
	icon=""
	iconHover=""
	iconSelected=""
	modal="false"
	inverted="true"
	autoClose="false"
	maxHeight=""
	maxWidth=""
	openDuration="400"
	closeDuration="400"
	initialFocus=""
	opener=""
	defaultButton=""
	validateFieldGroup=""
	open=""
	close=""
	enter=""
	iconChanged=""
	closed=""
	opened="">
		<tooltip></tooltip> <!-- sap.ui.core.TooltipBase -->
		<dependents></dependents> <!-- sap.ui.core.Control, since 1.19 -->
		<buttons></buttons> <!-- sap.ui.core.Control -->
		<content></content> <!-- sap.ui.core.Control -->
</ToolPopup>
]]></xmlTemplate>
</Template>
</Library>
