{
  "_version": "1.1.0",
  "resources": [
    {
      "name": ".theming",
      "theme": "base"
    },
    {
      "name": "ActionBar.less",
      "designtime": true,
      "theme": "base"
    },
    {
      "name": "CollectionInspector.less",
      "designtime": true,
      "theme": "base"
    },
    {
      "name": "DataSet.less",
      "designtime": true,
      "theme": "base"
    },
    {
      "name": "DataSetSimpleView.less",
      "designtime": true,
      "theme": "base"
    },
    {
      "name": "Exact.less",
      "designtime": true,
      "theme": "base"
    },
    {
      "name": "ExactArea.less",
      "designtime": true,
      "theme": "base"
    },
    {
      "name": "ExactBrowser.less",
      "designtime": true,
      "theme": "base"
    },
    {
      "name": "ExactList.less",
      "designtime": true,
      "theme": "base"
    },
    {
      "name": "FacetFilter.less",
      "designtime": true,
      "theme": "base"
    },
    {
      "name": "FacetFilterList.less",
      "designtime": true,
      "theme": "base"
    },
    {
      "name": "Feed.less",
      "designtime": true,
      "theme": "base"
    },
    {
      "name": "FeedChunk.less",
      "designtime": true,
      "theme": "base"
    },
    {
      "name": "Feeder.less",
      "designtime": true,
      "theme": "base"
    },
    {
      "name": "NavigationBar.less",
      "designtime": true,
      "theme": "base"
    },
    {
      "name": "NotificationBar.less",
      "designtime": true,
      "theme": "base"
    },
    {
      "name": "Overlay.less",
      "designtime": true,
      "theme": "base"
    },
    {
      "name": "OverlayContainer.less",
      "designtime": true,
      "theme": "base"
    },
    {
      "name": "OverlayDialog.less",
      "designtime": true,
      "theme": "base"
    },
    {
      "name": "QuickView.less",
      "designtime": true,
      "theme": "base"
    },
    {
      "name": "Shell.less",
      "designtime": true,
      "theme": "base"
    },
    {
      "name": "ShellColorPicker.less",
      "designtime": true,
      "theme": "base"
    },
    {
      "name": "ShellPersonalization.less",
      "designtime": true,
      "theme": "base"
    },
    {
      "name": "ThingInspector.less",
      "designtime": true,
      "theme": "base"
    },
    {
      "name": "ThingViewer.less",
      "designtime": true,
      "theme": "base"
    },
    {
      "name": "ToolPopup.less",
      "designtime": true,
      "theme": "base"
    },
    {
      "name": "img-RTL/close.png",
      "theme": "base"
    },
    {
      "name": "img-RTL/close_button.png",
      "theme": "base"
    },
    {
      "name": "img-RTL/close_button_hover.png",
      "theme": "base"
    },
    {
      "name": "img-RTL/close_hover.png",
      "theme": "base"
    },
    {
      "name": "img-RTL/color-marker.png",
      "theme": "base"
    },
    {
      "name": "img-RTL/comment_hover.png",
      "theme": "base"
    },
    {
      "name": "img-RTL/comment_regular.png",
      "theme": "base"
    },
    {
      "name": "img-RTL/favorite_hover.png",
      "theme": "base"
    },
    {
      "name": "img-RTL/favorite_regular.png",
      "theme": "base"
    },
    {
      "name": "img-RTL/favorite_selected.png",
      "theme": "base"
    },
    {
      "name": "img-RTL/feed/person_placeholder_48.png",
      "theme": "base"
    },
    {
      "name": "img-RTL/flag_hover.png",
      "theme": "base"
    },
    {
      "name": "img-RTL/flag_regular.png",
      "theme": "base"
    },
    {
      "name": "img-RTL/flag_selected.png",
      "theme": "base"
    },
    {
      "name": "img-RTL/following_hover.png",
      "theme": "base"
    },
    {
      "name": "img-RTL/following_regular.png",
      "theme": "base"
    },
    {
      "name": "img-RTL/following_regular_bw.png",
      "theme": "base"
    },
    {
      "name": "img-RTL/hold_hover.png",
      "theme": "base"
    },
    {
      "name": "img-RTL/hold_regular.png",
      "theme": "base"
    },
    {
      "name": "img-RTL/hold_regular_bw.png",
      "theme": "base"
    },
    {
      "name": "img-RTL/inspect_hover.png",
      "theme": "base"
    },
    {
      "name": "img-RTL/inspect_regular.png",
      "theme": "base"
    },
    {
      "name": "img-RTL/menu_follow.png",
      "theme": "base"
    },
    {
      "name": "img-RTL/menu_hold.png",
      "theme": "base"
    },
    {
      "name": "img-RTL/menu_unlisten.png",
      "theme": "base"
    },
    {
      "name": "img-RTL/not_following_hover.png",
      "theme": "base"
    },
    {
      "name": "img-RTL/not_following_regular.png",
      "theme": "base"
    },
    {
      "name": "img-RTL/open_in_new_window.png",
      "theme": "base"
    },
    {
      "name": "img-RTL/open_in_new_window_hover.png",
      "theme": "base"
    },
    {
      "name": "img-RTL/pending_hover.png",
      "theme": "base"
    },
    {
      "name": "img-RTL/pending_regular.png",
      "theme": "base"
    },
    {
      "name": "img-RTL/reload_hover.png",
      "theme": "base"
    },
    {
      "name": "img-RTL/reload_regular.png",
      "theme": "base"
    },
    {
      "name": "img-RTL/subscribe_hover.png",
      "theme": "base"
    },
    {
      "name": "img-RTL/subscribe_regular.png",
      "theme": "base"
    },
    {
      "name": "img-RTL/tools_hover.png",
      "theme": "base"
    },
    {
      "name": "img-RTL/tools_regular.png",
      "theme": "base"
    },
    {
      "name": "img-RTL/update_hover.png",
      "theme": "base"
    },
    {
      "name": "img-RTL/update_regular.png",
      "theme": "base"
    },
    {
      "name": "img/close.png",
      "theme": "base"
    },
    {
      "name": "img/close_button.png",
      "theme": "base"
    },
    {
      "name": "img/close_button_hover.png",
      "theme": "base"
    },
    {
      "name": "img/close_hover.png",
      "theme": "base"
    },
    {
      "name": "img/color-marker.png",
      "theme": "base"
    },
    {
      "name": "img/comment_hover.png",
      "theme": "base"
    },
    {
      "name": "img/comment_regular.png",
      "theme": "base"
    },
    {
      "name": "img/favorite_hover.png",
      "theme": "base"
    },
    {
      "name": "img/favorite_regular.png",
      "theme": "base"
    },
    {
      "name": "img/favorite_selected.png",
      "theme": "base"
    },
    {
      "name": "img/feed/person_placeholder_48.png",
      "theme": "base"
    },
    {
      "name": "img/flag_hover.png",
      "theme": "base"
    },
    {
      "name": "img/flag_regular.png",
      "theme": "base"
    },
    {
      "name": "img/flag_selected.png",
      "theme": "base"
    },
    {
      "name": "img/following_hover.png",
      "theme": "base"
    },
    {
      "name": "img/following_regular.png",
      "theme": "base"
    },
    {
      "name": "img/following_regular_bw.png",
      "theme": "base"
    },
    {
      "name": "img/hold_hover.png",
      "theme": "base"
    },
    {
      "name": "img/hold_regular.png",
      "theme": "base"
    },
    {
      "name": "img/hold_regular_bw.png",
      "theme": "base"
    },
    {
      "name": "img/inspect_hover.png",
      "theme": "base"
    },
    {
      "name": "img/inspect_regular.png",
      "theme": "base"
    },
    {
      "name": "img/menu_follow.png",
      "theme": "base"
    },
    {
      "name": "img/menu_hold.png",
      "theme": "base"
    },
    {
      "name": "img/menu_unlisten.png",
      "theme": "base"
    },
    {
      "name": "img/not_following_hover.png",
      "theme": "base"
    },
    {
      "name": "img/not_following_regular.png",
      "theme": "base"
    },
    {
      "name": "img/open_in_new_window.png",
      "theme": "base"
    },
    {
      "name": "img/open_in_new_window_hover.png",
      "theme": "base"
    },
    {
      "name": "img/pending_hover.png",
      "theme": "base"
    },
    {
      "name": "img/pending_regular.png",
      "theme": "base"
    },
    {
      "name": "img/reload_hover.png",
      "theme": "base"
    },
    {
      "name": "img/reload_regular.png",
      "theme": "base"
    },
    {
      "name": "img/subscribe_hover.png",
      "theme": "base"
    },
    {
      "name": "img/subscribe_regular.png",
      "theme": "base"
    },
    {
      "name": "img/tools_hover.png",
      "theme": "base"
    },
    {
      "name": "img/tools_regular.png",
      "theme": "base"
    },
    {
      "name": "img/update_hover.png",
      "theme": "base"
    },
    {
      "name": "img/update_regular.png",
      "theme": "base"
    },
    {
      "name": "library-RTL-dbg.css",
      "isDebug": true,
      "theme": "base"
    },
    {
      "name": "library-RTL.css",
      "theme": "base"
    },
    {
      "name": "library-dbg.css",
      "isDebug": true,
      "theme": "base"
    },
    {
      "name": "library-parameters.json",
      "theme": "base"
    },
    {
      "name": "library.css",
      "theme": "base"
    },
    {
      "name": "library.less",
      "designtime": true,
      "theme": "base"
    },
    {
      "name": "library.source.less",
      "designtime": true,
      "theme": "base"
    },
    {
      "name": "shared.less",
      "designtime": true,
      "theme": "base"
    }
  ]
}